Record Length,2.500000e+03,,  -0.000000015600,   2.10000,
Sample Interval,2.000000e-11,,  -0.000000015580,   2.10000,
Trigger Point,7.800000000000e+02,,  -0.000000015560,   2.10000,
,,,  -0.000000015540,   2.10000,
,,,  -0.000000015520,   2.10000,
,,,  -0.000000015500,   2.10000,
Source,CH1,,  -0.000000015480,   2.10000,
Vertical Units,V,,  -0.000000015460,   2.10000,
Vertical Scale,5.000000e-01,,  -0.000000015440,   2.10000,
Vertical Offset,-3.600000e+00,,  -0.000000015420,   2.10000,
Horizontal Units,s,,  -0.000000015400,   2.10000,
Horizontal Scale,5.000000e-09,,  -0.000000015380,   2.10000,
Pt Fmt,Y,,  -0.000000015360,   2.10000,
Yzero,0.000000e+00,,  -0.000000015340,   2.10000,
Probe Atten,1.000000e+00,,  -0.000000015320,   2.10000,
Model Number,TBS1062,,  -0.000000015300,   2.10000,
Serial Number,C031075,,  -0.000000015280,   2.10000,
Firmware Version,FV:v26.02,,  -0.000000015260,   2.10000,
,,,-00.000000015240,   2.10000,
,,,-00.000000015220,   2.10000,
,,,-00.000000015200,   2.10000,
,,,-00.000000015180,   2.10000,
,,,-00.000000015160,   2.10000,
,,,-00.000000015140,   2.10000,
,,,-00.000000015120,   2.10000,
,,,-00.000000015100,   2.10000,
,,,-00.000000015080,   2.10000,
,,,-00.000000015060,   2.10000,
,,,-00.000000015040,   2.10000,
,,,-00.000000015020,   2.10000,
,,,-00.000000015000,   2.10000,
,,,-00.000000014980,   2.10000,
,,,-00.000000014960,   2.10000,
,,,-00.000000014940,   2.10000,
,,,-00.000000014920,   2.10000,
,,,-00.000000014900,   2.10000,
,,,-00.000000014880,   2.10000,
,,,-00.000000014860,   2.10000,
,,,-00.000000014840,   2.10000,
,,,-00.000000014820,   2.10000,
,,,-00.000000014800,   2.10000,
,,,-00.000000014780,   2.10000,
,,,-00.000000014760,   2.10000,
,,,-00.000000014740,   2.10000,
,,,-00.000000014720,   2.10000,
,,,-00.000000014700,   2.10000,
,,,-00.000000014680,   2.10000,
,,,-00.000000014660,   2.10000,
,,,-00.000000014640,   2.10000,
,,,-00.000000014620,   2.10000,
,,,-00.000000014600,   2.10000,
,,,-00.000000014580,   2.10000,
,,,-00.000000014560,   2.10000,
,,,-00.000000014540,   2.10000,
,,,-00.000000014520,   2.10000,
,,,-00.000000014500,   2.10000,
,,,-00.000000014480,   2.10000,
,,,-00.000000014460,   2.10000,
,,,-00.000000014440,   2.10000,
,,,-00.000000014420,   2.10000,
,,,-00.000000014400,   2.10000,
,,,-00.000000014380,   2.10000,
,,,-00.000000014360,   2.10000,
,,,-00.000000014340,   2.10000,
,,,-00.000000014320,   2.10000,
,,,-00.000000014300,   2.10000,
,,,-00.000000014280,   2.10000,
,,,-00.000000014260,   2.10000,
,,,-00.000000014240,   2.10000,
,,,-00.000000014220,   2.10000,
,,,-00.000000014200,   2.10000,
,,,-00.000000014180,   2.10000,
,,,-00.000000014160,   2.10000,
,,,-00.000000014140,   2.10000,
,,,-00.000000014120,   2.10000,
,,,-00.000000014100,   2.10000,
,,,-00.000000014080,   2.10000,
,,,-00.000000014060,   2.10000,
,,,-00.000000014040,   2.10000,
,,,-00.000000014020,   2.10000,
,,,-00.000000014000,   2.10000,
,,,-00.000000013980,   2.10000,
,,,-00.000000013960,   2.10000,
,,,-00.000000013940,   2.10000,
,,,-00.000000013920,   2.10000,
,,,-00.000000013900,   2.10000,
,,,-00.000000013880,   2.10000,
,,,-00.000000013860,   2.10000,
,,,-00.000000013840,   2.10000,
,,,-00.000000013820,   2.10000,
,,,-00.000000013800,   2.10000,
,,,-00.000000013780,   2.10000,
,,,-00.000000013760,   2.10000,
,,,-00.000000013740,   2.10000,
,,,-00.000000013720,   2.10000,
,,,-00.000000013700,   2.10000,
,,,-00.000000013680,   2.10000,
,,,-00.000000013660,   2.10000,
,,,-00.000000013640,   2.10000,
,,,-00.000000013620,   2.10000,
,,,-00.000000013600,   2.10000,
,,,-00.000000013580,   2.10000,
,,,-00.000000013560,   2.10000,
,,,-00.000000013540,   2.10000,
,,,-00.000000013520,   2.10000,
,,,-00.000000013500,   2.10000,
,,,-00.000000013480,   2.10000,
,,,-00.000000013460,   2.10000,
,,,-00.000000013440,   2.10000,
,,,-00.000000013420,   2.10000,
,,,-00.000000013400,   2.10000,
,,,-00.000000013380,   2.10000,
,,,-00.000000013360,   2.10000,
,,,-00.000000013340,   2.12000,
,,,-00.000000013320,   2.12000,
,,,-00.000000013300,   2.12000,
,,,-00.000000013280,   2.12000,
,,,-00.000000013260,   2.12000,
,,,-00.000000013240,   2.12000,
,,,-00.000000013220,   2.12000,
,,,-00.000000013200,   2.12000,
,,,-00.000000013180,   2.12000,
,,,-00.000000013160,   2.12000,
,,,-00.000000013140,   2.12000,
,,,-00.000000013120,   2.12000,
,,,-00.000000013100,   2.12000,
,,,-00.000000013080,   2.12000,
,,,-00.000000013060,   2.12000,
,,,-00.000000013040,   2.12000,
,,,-00.000000013020,   2.12000,
,,,-00.000000013000,   2.12000,
,,,-00.000000012980,   2.12000,
,,,-00.000000012960,   2.12000,
,,,-00.000000012940,   2.12000,
,,,-00.000000012920,   2.12000,
,,,-00.000000012900,   2.12000,
,,,-00.000000012880,   2.12000,
,,,-00.000000012860,   2.12000,
,,,-00.000000012840,   2.12000,
,,,-00.000000012820,   2.12000,
,,,-00.000000012800,   2.12000,
,,,-00.000000012780,   2.12000,
,,,-00.000000012760,   2.12000,
,,,-00.000000012740,   2.12000,
,,,-00.000000012720,   2.12000,
,,,-00.000000012700,   2.12000,
,,,-00.000000012680,   2.12000,
,,,-00.000000012660,   2.12000,
,,,-00.000000012640,   2.12000,
,,,-00.000000012620,   2.12000,
,,,-00.000000012600,   2.12000,
,,,-00.000000012580,   2.12000,
,,,-00.000000012560,   2.12000,
,,,-00.000000012540,   2.12000,
,,,-00.000000012520,   2.12000,
,,,-00.000000012500,   2.14000,
,,,-00.000000012480,   2.14000,
,,,-00.000000012460,   2.14000,
,,,-00.000000012440,   2.14000,
,,,-00.000000012420,   2.14000,
,,,-00.000000012400,   2.14000,
,,,-00.000000012380,   2.14000,
,,,-00.000000012360,   2.14000,
,,,-00.000000012340,   2.14000,
,,,-00.000000012320,   2.14000,
,,,-00.000000012300,   2.14000,
,,,-00.000000012280,   2.14000,
,,,-00.000000012260,   2.14000,
,,,-00.000000012240,   2.14000,
,,,-00.000000012220,   2.14000,
,,,-00.000000012200,   2.14000,
,,,-00.000000012180,   2.14000,
,,,-00.000000012160,   2.14000,
,,,-00.000000012140,   2.14000,
,,,-00.000000012120,   2.14000,
,,,-00.000000012100,   2.14000,
,,,-00.000000012080,   2.14000,
,,,-00.000000012060,   2.14000,
,,,-00.000000012040,   2.14000,
,,,-00.000000012020,   2.14000,
,,,-00.000000012000,   2.14000,
,,,-00.000000011980,   2.16000,
,,,-00.000000011960,   2.16000,
,,,-00.000000011940,   2.16000,
,,,-00.000000011920,   2.16000,
,,,-00.000000011900,   2.16000,
,,,-00.000000011880,   2.16000,
,,,-00.000000011860,   2.16000,
,,,-00.000000011840,   2.16000,
,,,-00.000000011820,   2.16000,
,,,-00.000000011800,   2.16000,
,,,-00.000000011780,   2.16000,
,,,-00.000000011760,   2.16000,
,,,-00.000000011740,   2.16000,
,,,-00.000000011720,   2.16000,
,,,-00.000000011700,   2.16000,
,,,-00.000000011680,   2.16000,
,,,-00.000000011660,   2.16000,
,,,-00.000000011640,   2.16000,
,,,-00.000000011620,   2.16000,
,,,-00.000000011600,   2.16000,
,,,-00.000000011580,   2.16000,
,,,-00.000000011560,   2.18000,
,,,-00.000000011540,   2.18000,
,,,-00.000000011520,   2.18000,
,,,-00.000000011500,   2.18000,
,,,-00.000000011480,   2.18000,
,,,-00.000000011460,   2.18000,
,,,-00.000000011440,   2.18000,
,,,-00.000000011420,   2.18000,
,,,-00.000000011400,   2.18000,
,,,-00.000000011380,   2.18000,
,,,-00.000000011360,   2.18000,
,,,-00.000000011340,   2.18000,
,,,-00.000000011320,   2.18000,
,,,-00.000000011300,   2.18000,
,,,-00.000000011280,   2.18000,
,,,-00.000000011260,   2.18000,
,,,-00.000000011240,   2.18000,
,,,-00.000000011220,   2.20000,
,,,-00.000000011200,   2.20000,
,,,-00.000000011180,   2.20000,
,,,-00.000000011160,   2.20000,
,,,-00.000000011140,   2.20000,
,,,-00.000000011120,   2.20000,
,,,-00.000000011100,   2.20000,
,,,-00.000000011080,   2.20000,
,,,-00.000000011060,   2.20000,
,,,-00.000000011040,   2.20000,
,,,-00.000000011020,   2.20000,
,,,-00.000000011000,   2.20000,
,,,-00.000000010980,   2.20000,
,,,-00.000000010960,   2.20000,
,,,-00.000000010940,   2.20000,
,,,-00.000000010920,   2.22000,
,,,-00.000000010900,   2.22000,
,,,-00.000000010880,   2.22000,
,,,-00.000000010860,   2.22000,
,,,-00.000000010840,   2.22000,
,,,-00.000000010820,   2.22000,
,,,-00.000000010800,   2.22000,
,,,-00.000000010780,   2.22000,
,,,-00.000000010760,   2.22000,
,,,-00.000000010740,   2.22000,
,,,-00.000000010720,   2.22000,
,,,-00.000000010700,   2.22000,
,,,-00.000000010680,   2.22000,
,,,-00.000000010660,   2.24000,
,,,-00.000000010640,   2.24000,
,,,-00.000000010620,   2.24000,
,,,-00.000000010600,   2.24000,
,,,-00.000000010580,   2.24000,
,,,-00.000000010560,   2.24000,
,,,-00.000000010540,   2.24000,
,,,-00.000000010520,   2.24000,
,,,-00.000000010500,   2.24000,
,,,-00.000000010480,   2.24000,
,,,-00.000000010460,   2.24000,
,,,-00.000000010440,   2.24000,
,,,-00.000000010420,   2.24000,
,,,-00.000000010400,   2.26000,
,,,-00.000000010380,   2.26000,
,,,-00.000000010360,   2.26000,
,,,-00.000000010340,   2.26000,
,,,-00.000000010320,   2.26000,
,,,-00.000000010300,   2.26000,
,,,-00.000000010280,   2.26000,
,,,-00.000000010260,   2.26000,
,,,-00.000000010240,   2.26000,
,,,-00.000000010220,   2.26000,
,,,-00.000000010200,   2.26000,
,,,-00.000000010180,   2.28000,
,,,-00.000000010160,   2.28000,
,,,-00.000000010140,   2.28000,
,,,-00.000000010120,   2.28000,
,,,-00.000000010100,   2.28000,
,,,-00.000000010080,   2.28000,
,,,-00.000000010060,   2.28000,
,,,-00.000000010040,   2.28000,
,,,-00.000000010020,   2.28000,
,,,-00.000000010000,   2.28000,
,,,-00.000000009980,   2.28000,
,,,-00.000000009960,   2.30000,
,,,-00.000000009940,   2.30000,
,,,-00.000000009920,   2.30000,
,,,-00.000000009900,   2.30000,
,,,-00.000000009880,   2.30000,
,,,-00.000000009860,   2.30000,
,,,-00.000000009840,   2.30000,
,,,-00.000000009820,   2.30000,
,,,-00.000000009800,   2.30000,
,,,-00.000000009780,   2.30000,
,,,-00.000000009760,   2.32000,
,,,-00.000000009740,   2.32000,
,,,-00.000000009720,   2.32000,
,,,-00.000000009700,   2.32000,
,,,-00.000000009680,   2.32000,
,,,-00.000000009660,   2.32000,
,,,-00.000000009640,   2.32000,
,,,-00.000000009620,   2.32000,
,,,-00.000000009600,   2.32000,
,,,-00.000000009580,   2.32000,
,,,-00.000000009560,   2.34000,
,,,-00.000000009540,   2.34000,
,,,-00.000000009520,   2.34000,
,,,-00.000000009500,   2.34000,
,,,-00.000000009480,   2.34000,
,,,-00.000000009460,   2.34000,
,,,-00.000000009440,   2.34000,
,,,-00.000000009420,   2.34000,
,,,-00.000000009400,   2.34000,
,,,-00.000000009380,   2.34000,
,,,-00.000000009360,   2.36000,
,,,-00.000000009340,   2.36000,
,,,-00.000000009320,   2.36000,
,,,-00.000000009300,   2.36000,
,,,-00.000000009280,   2.36000,
,,,-00.000000009260,   2.36000,
,,,-00.000000009240,   2.36000,
,,,-00.000000009220,   2.36000,
,,,-00.000000009200,   2.36000,
,,,-00.000000009180,   2.38000,
,,,-00.000000009160,   2.38000,
,,,-00.000000009140,   2.38000,
,,,-00.000000009120,   2.38000,
,,,-00.000000009100,   2.38000,
,,,-00.000000009080,   2.38000,
,,,-00.000000009060,   2.38000,
,,,-00.000000009040,   2.38000,
,,,-00.000000009020,   2.38000,
,,,-00.000000009000,   2.40000,
,,,-00.000000008980,   2.40000,
,,,-00.000000008960,   2.40000,
,,,-00.000000008940,   2.40000,
,,,-00.000000008920,   2.40000,
,,,-00.000000008900,   2.40000,
,,,-00.000000008880,   2.40000,
,,,-00.000000008860,   2.40000,
,,,-00.000000008840,   2.42000,
,,,-00.000000008820,   2.42000,
,,,-00.000000008800,   2.42000,
,,,-00.000000008780,   2.42000,
,,,-00.000000008760,   2.42000,
,,,-00.000000008740,   2.42000,
,,,-00.000000008720,   2.42000,
,,,-00.000000008700,   2.42000,
,,,-00.000000008680,   2.42000,
,,,-00.000000008660,   2.44000,
,,,-00.000000008640,   2.44000,
,,,-00.000000008620,   2.44000,
,,,-00.000000008600,   2.44000,
,,,-00.000000008580,   2.44000,
,,,-00.000000008560,   2.44000,
,,,-00.000000008540,   2.44000,
,,,-00.000000008520,   2.44000,
,,,-00.000000008500,   2.46000,
,,,-00.000000008480,   2.46000,
,,,-00.000000008460,   2.46000,
,,,-00.000000008440,   2.46000,
,,,-00.000000008420,   2.46000,
,,,-00.000000008400,   2.46000,
,,,-00.000000008380,   2.46000,
,,,-00.000000008360,   2.46000,
,,,-00.000000008340,   2.48000,
,,,-00.000000008320,   2.48000,
,,,-00.000000008300,   2.48000,
,,,-00.000000008280,   2.48000,
,,,-00.000000008260,   2.48000,
,,,-00.000000008240,   2.48000,
,,,-00.000000008220,   2.48000,
,,,-00.000000008200,   2.48000,
,,,-00.000000008180,   2.50000,
,,,-00.000000008160,   2.50000,
,,,-00.000000008140,   2.50000,
,,,-00.000000008120,   2.50000,
,,,-00.000000008100,   2.50000,
,,,-00.000000008080,   2.50000,
,,,-00.000000008060,   2.50000,
,,,-00.000000008040,   2.50000,
,,,-00.000000008020,   2.52000,
,,,-00.000000008000,   2.52000,
,,,-00.000000007980,   2.52000,
,,,-00.000000007960,   2.52000,
,,,-00.000000007940,   2.52000,
,,,-00.000000007920,   2.52000,
,,,-00.000000007900,   2.52000,
,,,-00.000000007880,   2.54000,
,,,-00.000000007860,   2.54000,
,,,-00.000000007840,   2.54000,
,,,-00.000000007820,   2.54000,
,,,-00.000000007800,   2.54000,
,,,-00.000000007780,   2.54000,
,,,-00.000000007760,   2.54000,
,,,-00.000000007740,   2.54000,
,,,-00.000000007720,   2.56000,
,,,-00.000000007700,   2.56000,
,,,-00.000000007680,   2.56000,
,,,-00.000000007660,   2.56000,
,,,-00.000000007640,   2.56000,
,,,-00.000000007620,   2.56000,
,,,-00.000000007600,   2.56000,
,,,-00.000000007580,   2.58000,
,,,-00.000000007560,   2.58000,
,,,-00.000000007540,   2.58000,
,,,-00.000000007520,   2.58000,
,,,-00.000000007500,   2.58000,
,,,-00.000000007480,   2.58000,
,,,-00.000000007460,   2.58000,
,,,-00.000000007440,   2.60000,
,,,-00.000000007420,   2.60000,
,,,-00.000000007400,   2.60000,
,,,-00.000000007380,   2.60000,
,,,-00.000000007360,   2.60000,
,,,-00.000000007340,   2.60000,
,,,-00.000000007320,   2.60000,
,,,-00.000000007300,   2.62000,
,,,-00.000000007280,   2.62000,
,,,-00.000000007260,   2.62000,
,,,-00.000000007240,   2.62000,
,,,-00.000000007220,   2.62000,
,,,-00.000000007200,   2.62000,
,,,-00.000000007180,   2.62000,
,,,-00.000000007160,   2.64000,
,,,-00.000000007140,   2.64000,
,,,-00.000000007120,   2.64000,
,,,-00.000000007100,   2.64000,
,,,-00.000000007080,   2.64000,
,,,-00.000000007060,   2.64000,
,,,-00.000000007040,   2.64000,
,,,-00.000000007020,   2.66000,
,,,-00.000000007000,   2.66000,
,,,-00.000000006980,   2.66000,
,,,-00.000000006960,   2.66000,
,,,-00.000000006940,   2.66000,
,,,-00.000000006920,   2.66000,
,,,-00.000000006900,   2.66000,
,,,-00.000000006880,   2.68000,
,,,-00.000000006860,   2.68000,
,,,-00.000000006840,   2.68000,
,,,-00.000000006820,   2.68000,
,,,-00.000000006800,   2.68000,
,,,-00.000000006780,   2.68000,
,,,-00.000000006760,   2.68000,
,,,-00.000000006740,   2.70000,
,,,-00.000000006720,   2.70000,
,,,-00.000000006700,   2.70000,
,,,-00.000000006680,   2.70000,
,,,-00.000000006660,   2.70000,
,,,-00.000000006640,   2.70000,
,,,-00.000000006620,   2.72000,
,,,-00.000000006600,   2.72000,
,,,-00.000000006580,   2.72000,
,,,-00.000000006560,   2.72000,
,,,-00.000000006540,   2.72000,
,,,-00.000000006520,   2.72000,
,,,-00.000000006500,   2.72000,
,,,-00.000000006480,   2.74000,
,,,-00.000000006460,   2.74000,
,,,-00.000000006440,   2.74000,
,,,-00.000000006420,   2.74000,
,,,-00.000000006400,   2.74000,
,,,-00.000000006380,   2.74000,
,,,-00.000000006360,   2.74000,
,,,-00.000000006340,   2.76000,
,,,-00.000000006320,   2.76000,
,,,-00.000000006300,   2.76000,
,,,-00.000000006280,   2.76000,
,,,-00.000000006260,   2.76000,
,,,-00.000000006240,   2.76000,
,,,-00.000000006220,   2.78000,
,,,-00.000000006200,   2.78000,
,,,-00.000000006180,   2.78000,
,,,-00.000000006160,   2.78000,
,,,-00.000000006140,   2.78000,
,,,-00.000000006120,   2.78000,
,,,-00.000000006100,   2.80000,
,,,-00.000000006080,   2.80000,
,,,-00.000000006060,   2.80000,
,,,-00.000000006040,   2.80000,
,,,-00.000000006020,   2.80000,
,,,-00.000000006000,   2.80000,
,,,-00.000000005980,   2.80000,
,,,-00.000000005960,   2.82000,
,,,-00.000000005940,   2.82000,
,,,-00.000000005920,   2.82000,
,,,-00.000000005900,   2.82000,
,,,-00.000000005880,   2.82000,
,,,-00.000000005860,   2.82000,
,,,-00.000000005840,   2.84000,
,,,-00.000000005820,   2.84000,
,,,-00.000000005800,   2.84000,
,,,-00.000000005780,   2.84000,
,,,-00.000000005760,   2.84000,
,,,-00.000000005740,   2.84000,
,,,-00.000000005720,   2.84000,
,,,-00.000000005700,   2.86000,
,,,-00.000000005680,   2.86000,
,,,-00.000000005660,   2.86000,
,,,-00.000000005640,   2.86000,
,,,-00.000000005620,   2.86000,
,,,-00.000000005600,   2.86000,
,,,-00.000000005580,   2.88000,
,,,-00.000000005560,   2.88000,
,,,-00.000000005540,   2.88000,
,,,-00.000000005520,   2.88000,
,,,-00.000000005500,   2.88000,
,,,-00.000000005480,   2.88000,
,,,-00.000000005460,   2.90000,
,,,-00.000000005440,   2.90000,
,,,-00.000000005420,   2.90000,
,,,-00.000000005400,   2.90000,
,,,-00.000000005380,   2.90000,
,,,-00.000000005360,   2.90000,
,,,-00.000000005340,   2.92000,
,,,-00.000000005320,   2.92000,
,,,-00.000000005300,   2.92000,
,,,-00.000000005280,   2.92000,
,,,-00.000000005260,   2.92000,
,,,-00.000000005240,   2.92000,
,,,-00.000000005220,   2.94000,
,,,-00.000000005200,   2.94000,
,,,-00.000000005180,   2.94000,
,,,-00.000000005160,   2.94000,
,,,-00.000000005140,   2.94000,
,,,-00.000000005120,   2.94000,
,,,-00.000000005100,   2.96000,
,,,-00.000000005080,   2.96000,
,,,-00.000000005060,   2.96000,
,,,-00.000000005040,   2.96000,
,,,-00.000000005020,   2.96000,
,,,-00.000000005000,   2.96000,
,,,-00.000000004980,   2.98000,
,,,-00.000000004960,   2.98000,
,,,-00.000000004940,   2.98000,
,,,-00.000000004920,   2.98000,
,,,-00.000000004900,   2.98000,
,,,-00.000000004880,   2.98000,
,,,-00.000000004860,   3.00000,
,,,-00.000000004840,   3.00000,
,,,-00.000000004820,   3.00000,
,,,-00.000000004800,   3.00000,
,,,-00.000000004780,   3.00000,
,,,-00.000000004760,   3.00000,
,,,-00.000000004740,   3.02000,
,,,-00.000000004720,   3.02000,
,,,-00.000000004700,   3.02000,
,,,-00.000000004680,   3.02000,
,,,-00.000000004660,   3.02000,
,,,-00.000000004640,   3.02000,
,,,-00.000000004620,   3.04000,
,,,-00.000000004600,   3.04000,
,,,-00.000000004580,   3.04000,
,,,-00.000000004560,   3.04000,
,,,-00.000000004540,   3.04000,
,,,-00.000000004520,   3.04000,
,,,-00.000000004500,   3.06000,
,,,-00.000000004480,   3.06000,
,,,-00.000000004460,   3.06000,
,,,-00.000000004440,   3.06000,
,,,-00.000000004420,   3.06000,
,,,-00.000000004400,   3.06000,
,,,-00.000000004380,   3.08000,
,,,-00.000000004360,   3.08000,
,,,-00.000000004340,   3.08000,
,,,-00.000000004320,   3.08000,
,,,-00.000000004300,   3.08000,
,,,-00.000000004280,   3.08000,
,,,-00.000000004260,   3.10000,
,,,-00.000000004240,   3.10000,
,,,-00.000000004220,   3.10000,
,,,-00.000000004200,   3.10000,
,,,-00.000000004180,   3.10000,
,,,-00.000000004160,   3.10000,
,,,-00.000000004140,   3.12000,
,,,-00.000000004120,   3.12000,
,,,-00.000000004100,   3.12000,
,,,-00.000000004080,   3.12000,
,,,-00.000000004060,   3.12000,
,,,-00.000000004040,   3.12000,
,,,-00.000000004020,   3.12000,
,,,-00.000000004000,   3.14000,
,,,-00.000000003980,   3.14000,
,,,-00.000000003960,   3.14000,
,,,-00.000000003940,   3.14000,
,,,-00.000000003920,   3.14000,
,,,-00.000000003900,   3.14000,
,,,-00.000000003880,   3.16000,
,,,-00.000000003860,   3.16000,
,,,-00.000000003840,   3.16000,
,,,-00.000000003820,   3.16000,
,,,-00.000000003800,   3.16000,
,,,-00.000000003780,   3.16000,
,,,-00.000000003760,   3.18000,
,,,-00.000000003740,   3.18000,
,,,-00.000000003720,   3.18000,
,,,-00.000000003700,   3.18000,
,,,-00.000000003680,   3.18000,
,,,-00.000000003660,   3.18000,
,,,-00.000000003640,   3.20000,
,,,-00.000000003620,   3.20000,
,,,-00.000000003600,   3.20000,
,,,-00.000000003580,   3.20000,
,,,-00.000000003560,   3.20000,
,,,-00.000000003540,   3.20000,
,,,-00.000000003520,   3.22000,
,,,-00.000000003500,   3.22000,
,,,-00.000000003480,   3.22000,
,,,-00.000000003460,   3.22000,
,,,-00.000000003440,   3.22000,
,,,-00.000000003420,   3.22000,
,,,-00.000000003400,   3.24000,
,,,-00.000000003380,   3.24000,
,,,-00.000000003360,   3.24000,
,,,-00.000000003340,   3.24000,
,,,-00.000000003320,   3.24000,
,,,-00.000000003300,   3.24000,
,,,-00.000000003280,   3.26000,
,,,-00.000000003260,   3.26000,
,,,-00.000000003240,   3.26000,
,,,-00.000000003220,   3.26000,
,,,-00.000000003200,   3.26000,
,,,-00.000000003180,   3.26000,
,,,-00.000000003160,   3.28000,
,,,-00.000000003140,   3.28000,
,,,-00.000000003120,   3.28000,
,,,-00.000000003100,   3.28000,
,,,-00.000000003080,   3.28000,
,,,-00.000000003060,   3.28000,
,,,-00.000000003040,   3.30000,
,,,-00.000000003020,   3.30000,
,,,-00.000000003000,   3.30000,
,,,-00.000000002980,   3.30000,
,,,-00.000000002960,   3.30000,
,,,-00.000000002940,   3.30000,
,,,-00.000000002920,   3.30000,
,,,-00.000000002900,   3.32000,
,,,-00.000000002880,   3.32000,
,,,-00.000000002860,   3.32000,
,,,-00.000000002840,   3.32000,
,,,-00.000000002820,   3.32000,
,,,-00.000000002800,   3.32000,
,,,-00.000000002780,   3.34000,
,,,-00.000000002760,   3.34000,
,,,-00.000000002740,   3.34000,
,,,-00.000000002720,   3.34000,
,,,-00.000000002700,   3.34000,
,,,-00.000000002680,   3.34000,
,,,-00.000000002660,   3.36000,
,,,-00.000000002640,   3.36000,
,,,-00.000000002620,   3.36000,
,,,-00.000000002600,   3.36000,
,,,-00.000000002580,   3.36000,
,,,-00.000000002560,   3.36000,
,,,-00.000000002540,   3.36000,
,,,-00.000000002520,   3.38000,
,,,-00.000000002500,   3.38000,
,,,-00.000000002480,   3.38000,
,,,-00.000000002460,   3.38000,
,,,-00.000000002440,   3.38000,
,,,-00.000000002420,   3.38000,
,,,-00.000000002400,   3.38000,
,,,-00.000000002380,   3.40000,
,,,-00.000000002360,   3.40000,
,,,-00.000000002340,   3.40000,
,,,-00.000000002320,   3.40000,
,,,-00.000000002300,   3.40000,
,,,-00.000000002280,   3.40000,
,,,-00.000000002260,   3.42000,
,,,-00.000000002240,   3.42000,
,,,-00.000000002220,   3.42000,
,,,-00.000000002200,   3.42000,
,,,-00.000000002180,   3.42000,
,,,-00.000000002160,   3.42000,
,,,-00.000000002140,   3.42000,
,,,-00.000000002120,   3.44000,
,,,-00.000000002100,   3.44000,
,,,-00.000000002080,   3.44000,
,,,-00.000000002060,   3.44000,
,,,-00.000000002040,   3.44000,
,,,-00.000000002020,   3.44000,
,,,-00.000000002000,   3.44000,
,,,-00.000000001980,   3.46000,
,,,-00.000000001960,   3.46000,
,,,-00.000000001940,   3.46000,
,,,-00.000000001920,   3.46000,
,,,-00.000000001900,   3.46000,
,,,-00.000000001880,   3.46000,
,,,-00.000000001860,   3.46000,
,,,-00.000000001840,   3.48000,
,,,-00.000000001820,   3.48000,
,,,-00.000000001800,   3.48000,
,,,-00.000000001780,   3.48000,
,,,-00.000000001760,   3.48000,
,,,-00.000000001740,   3.48000,
,,,-00.000000001720,   3.48000,
,,,-00.000000001700,   3.50000,
,,,-00.000000001680,   3.50000,
,,,-00.000000001660,   3.50000,
,,,-00.000000001640,   3.50000,
,,,-00.000000001620,   3.50000,
,,,-00.000000001600,   3.50000,
,,,-00.000000001580,   3.50000,
,,,-00.000000001560,   3.52000,
,,,-00.000000001540,   3.52000,
,,,-00.000000001520,   3.52000,
,,,-00.000000001500,   3.52000,
,,,-00.000000001480,   3.52000,
,,,-00.000000001460,   3.52000,
,,,-00.000000001440,   3.52000,
,,,-00.000000001420,   3.52000,
,,,-00.000000001400,   3.54000,
,,,-00.000000001380,   3.54000,
,,,-00.000000001360,   3.54000,
,,,-00.000000001340,   3.54000,
,,,-00.000000001320,   3.54000,
,,,-00.000000001300,   3.54000,
,,,-00.000000001280,   3.54000,
,,,-00.000000001260,   3.56000,
,,,-00.000000001240,   3.56000,
,,,-00.000000001220,   3.56000,
,,,-00.000000001200,   3.56000,
,,,-00.000000001180,   3.56000,
,,,-00.000000001160,   3.56000,
,,,-00.000000001140,   3.56000,
,,,-00.000000001120,   3.58000,
,,,-00.000000001100,   3.58000,
,,,-00.000000001080,   3.58000,
,,,-00.000000001060,   3.58000,
,,,-00.000000001040,   3.58000,
,,,-00.000000001020,   3.58000,
,,,-00.000000001000,   3.58000,
,,,-00.000000000980,   3.58000,
,,,-00.000000000960,   3.60000,
,,,-00.000000000940,   3.60000,
,,,-00.000000000920,   3.60000,
,,,-00.000000000900,   3.60000,
,,,-00.000000000880,   3.60000,
,,,-00.000000000860,   3.60000,
,,,-00.000000000840,   3.60000,
,,,-00.000000000820,   3.60000,
,,,-00.000000000800,   3.62000,
,,,-00.000000000780,   3.62000,
,,,-00.000000000760,   3.62000,
,,,-00.000000000740,   3.62000,
,,,-00.000000000720,   3.62000,
,,,-00.000000000700,   3.62000,
,,,-00.000000000680,   3.62000,
,,,-00.000000000660,   3.64000,
,,,-00.000000000640,   3.64000,
,,,-00.000000000620,   3.64000,
,,,-00.000000000600,   3.64000,
,,,-00.000000000580,   3.64000,
,,,-00.000000000560,   3.64000,
,,,-00.000000000540,   3.64000,
,,,-00.000000000520,   3.64000,
,,,-00.000000000500,   3.66000,
,,,-00.000000000480,   3.66000,
,,,-00.000000000460,   3.66000,
,,,-00.000000000440,   3.66000,
,,,-00.000000000420,   3.66000,
,,,-00.000000000400,   3.66000,
,,,-00.000000000380,   3.66000,
,,,-00.000000000360,   3.68000,
,,,-00.000000000340,   3.68000,
,,,-00.000000000320,   3.68000,
,,,-00.000000000300,   3.68000,
,,,-00.000000000280,   3.68000,
,,,-00.000000000260,   3.68000,
,,,-00.000000000240,   3.68000,
,,,-00.000000000220,   3.68000,
,,,-00.000000000200,   3.70000,
,,,-00.000000000180,   3.70000,
,,,-00.000000000160,   3.70000,
,,,-00.000000000140,   3.70000,
,,,-00.000000000120,   3.70000,
,,,-00.000000000100,   3.70000,
,,,-00.000000000080,   3.70000,
,,,-00.000000000060,   3.70000,
,,,-00.000000000040,   3.72000,
,,,-00.000000000020,   3.72000,
,,,-00.000000000000,   3.72000,
,,,00.000000000020,   3.72000,
,,,00.000000000040,   3.72000,
,,,00.000000000060,   3.72000,
,,,00.000000000080,   3.72000,
,,,00.000000000100,   3.74000,
,,,00.000000000120,   3.74000,
,,,00.000000000140,   3.74000,
,,,00.000000000160,   3.74000,
,,,00.000000000180,   3.74000,
,,,00.000000000200,   3.74000,
,,,00.000000000220,   3.74000,
,,,00.000000000240,   3.74000,
,,,00.000000000260,   3.76000,
,,,00.000000000280,   3.76000,
,,,00.000000000300,   3.76000,
,,,00.000000000320,   3.76000,
,,,00.000000000340,   3.76000,
,,,00.000000000360,   3.76000,
,,,00.000000000380,   3.76000,
,,,00.000000000400,   3.76000,
,,,00.000000000420,   3.78000,
,,,00.000000000440,   3.78000,
,,,00.000000000460,   3.78000,
,,,00.000000000480,   3.78000,
,,,00.000000000500,   3.78000,
,,,00.000000000520,   3.78000,
,,,00.000000000540,   3.78000,
,,,00.000000000560,   3.80000,
,,,00.000000000580,   3.80000,
,,,00.000000000600,   3.80000,
,,,00.000000000620,   3.80000,
,,,00.000000000640,   3.80000,
,,,00.000000000660,   3.80000,
,,,00.000000000680,   3.80000,
,,,00.000000000700,   3.80000,
,,,00.000000000720,   3.82000,
,,,00.000000000740,   3.82000,
,,,00.000000000760,   3.82000,
,,,00.000000000780,   3.82000,
,,,00.000000000800,   3.82000,
,,,00.000000000820,   3.82000,
,,,00.000000000840,   3.82000,
,,,00.000000000860,   3.82000,
,,,00.000000000880,   3.84000,
,,,00.000000000900,   3.84000,
,,,00.000000000920,   3.84000,
,,,00.000000000940,   3.84000,
,,,00.000000000960,   3.84000,
,,,00.000000000980,   3.84000,
,,,00.000000001000,   3.84000,
,,,00.000000001020,   3.84000,
,,,00.000000001040,   3.86000,
,,,00.000000001060,   3.86000,
,,,00.000000001080,   3.86000,
,,,00.000000001100,   3.86000,
,,,00.000000001120,   3.86000,
,,,00.000000001140,   3.86000,
,,,00.000000001160,   3.86000,
,,,00.000000001180,   3.88000,
,,,00.000000001200,   3.88000,
,,,00.000000001220,   3.88000,
,,,00.000000001240,   3.88000,
,,,00.000000001260,   3.88000,
,,,00.000000001280,   3.88000,
,,,00.000000001300,   3.88000,
,,,00.000000001320,   3.88000,
,,,00.000000001340,   3.90000,
,,,00.000000001360,   3.90000,
,,,00.000000001380,   3.90000,
,,,00.000000001400,   3.90000,
,,,00.000000001420,   3.90000,
,,,00.000000001440,   3.90000,
,,,00.000000001460,   3.90000,
,,,00.000000001480,   3.90000,
,,,00.000000001500,   3.92000,
,,,00.000000001520,   3.92000,
,,,00.000000001540,   3.92000,
,,,00.000000001560,   3.92000,
,,,00.000000001580,   3.92000,
,,,00.000000001600,   3.92000,
,,,00.000000001620,   3.92000,
,,,00.000000001640,   3.92000,
,,,00.000000001660,   3.94000,
,,,00.000000001680,   3.94000,
,,,00.000000001700,   3.94000,
,,,00.000000001720,   3.94000,
,,,00.000000001740,   3.94000,
,,,00.000000001760,   3.94000,
,,,00.000000001780,   3.94000,
,,,00.000000001800,   3.94000,
,,,00.000000001820,   3.96000,
,,,00.000000001840,   3.96000,
,,,00.000000001860,   3.96000,
,,,00.000000001880,   3.96000,
,,,00.000000001900,   3.96000,
,,,00.000000001920,   3.96000,
,,,00.000000001940,   3.96000,
,,,00.000000001960,   3.96000,
,,,00.000000001980,   3.98000,
,,,00.000000002000,   3.98000,
,,,00.000000002020,   3.98000,
,,,00.000000002040,   3.98000,
,,,00.000000002060,   3.98000,
,,,00.000000002080,   3.98000,
,,,00.000000002100,   3.98000,
,,,00.000000002120,   3.98000,
,,,00.000000002140,   4.00000,
,,,00.000000002160,   4.00000,
,,,00.000000002180,   4.00000,
,,,00.000000002200,   4.00000,
,,,00.000000002220,   4.00000,
,,,00.000000002240,   4.00000,
,,,00.000000002260,   4.00000,
,,,00.000000002280,   4.00000,
,,,00.000000002300,   4.02000,
,,,00.000000002320,   4.02000,
,,,00.000000002340,   4.02000,
,,,00.000000002360,   4.02000,
,,,00.000000002380,   4.02000,
,,,00.000000002400,   4.02000,
,,,00.000000002420,   4.02000,
,,,00.000000002440,   4.02000,
,,,00.000000002460,   4.02000,
,,,00.000000002480,   4.04000,
,,,00.000000002500,   4.04000,
,,,00.000000002520,   4.04000,
,,,00.000000002540,   4.04000,
,,,00.000000002560,   4.04000,
,,,00.000000002580,   4.04000,
,,,00.000000002600,   4.04000,
,,,00.000000002620,   4.04000,
,,,00.000000002640,   4.06000,
,,,00.000000002660,   4.06000,
,,,00.000000002680,   4.06000,
,,,00.000000002700,   4.06000,
,,,00.000000002720,   4.06000,
,,,00.000000002740,   4.06000,
,,,00.000000002760,   4.06000,
,,,00.000000002780,   4.06000,
,,,00.000000002800,   4.06000,
,,,00.000000002820,   4.08000,
,,,00.000000002840,   4.08000,
,,,00.000000002860,   4.08000,
,,,00.000000002880,   4.08000,
,,,00.000000002900,   4.08000,
,,,00.000000002920,   4.08000,
,,,00.000000002940,   4.08000,
,,,00.000000002960,   4.08000,
,,,00.000000002980,   4.08000,
,,,00.000000003000,   4.10000,
,,,00.000000003020,   4.10000,
,,,00.000000003040,   4.10000,
,,,00.000000003060,   4.10000,
,,,00.000000003080,   4.10000,
,,,00.000000003100,   4.10000,
,,,00.000000003120,   4.10000,
,,,00.000000003140,   4.10000,
,,,00.000000003160,   4.10000,
,,,00.000000003180,   4.12000,
,,,00.000000003200,   4.12000,
,,,00.000000003220,   4.12000,
,,,00.000000003240,   4.12000,
,,,00.000000003260,   4.12000,
,,,00.000000003280,   4.12000,
,,,00.000000003300,   4.12000,
,,,00.000000003320,   4.12000,
,,,00.000000003340,   4.12000,
,,,00.000000003360,   4.14000,
,,,00.000000003380,   4.14000,
,,,00.000000003400,   4.14000,
,,,00.000000003420,   4.14000,
,,,00.000000003440,   4.14000,
,,,00.000000003460,   4.14000,
,,,00.000000003480,   4.14000,
,,,00.000000003500,   4.14000,
,,,00.000000003520,   4.14000,
,,,00.000000003540,   4.16000,
,,,00.000000003560,   4.16000,
,,,00.000000003580,   4.16000,
,,,00.000000003600,   4.16000,
,,,00.000000003620,   4.16000,
,,,00.000000003640,   4.16000,
,,,00.000000003660,   4.16000,
,,,00.000000003680,   4.16000,
,,,00.000000003700,   4.16000,
,,,00.000000003720,   4.16000,
,,,00.000000003740,   4.18000,
,,,00.000000003760,   4.18000,
,,,00.000000003780,   4.18000,
,,,00.000000003800,   4.18000,
,,,00.000000003820,   4.18000,
,,,00.000000003840,   4.18000,
,,,00.000000003860,   4.18000,
,,,00.000000003880,   4.18000,
,,,00.000000003900,   4.18000,
,,,00.000000003920,   4.18000,
,,,00.000000003940,   4.20000,
,,,00.000000003960,   4.20000,
,,,00.000000003980,   4.20000,
,,,00.000000004000,   4.20000,
,,,00.000000004020,   4.20000,
,,,00.000000004040,   4.20000,
,,,00.000000004060,   4.20000,
,,,00.000000004080,   4.20000,
,,,00.000000004100,   4.20000,
,,,00.000000004120,   4.20000,
,,,00.000000004140,   4.22000,
,,,00.000000004160,   4.22000,
,,,00.000000004180,   4.22000,
,,,00.000000004200,   4.22000,
,,,00.000000004220,   4.22000,
,,,00.000000004240,   4.22000,
,,,00.000000004260,   4.22000,
,,,00.000000004280,   4.22000,
,,,00.000000004300,   4.22000,
,,,00.000000004320,   4.22000,
,,,00.000000004340,   4.22000,
,,,00.000000004360,   4.24000,
,,,00.000000004380,   4.24000,
,,,00.000000004400,   4.24000,
,,,00.000000004420,   4.24000,
,,,00.000000004440,   4.24000,
,,,00.000000004460,   4.24000,
,,,00.000000004480,   4.24000,
,,,00.000000004500,   4.24000,
,,,00.000000004520,   4.24000,
,,,00.000000004540,   4.24000,
,,,00.000000004560,   4.26000,
,,,00.000000004580,   4.26000,
,,,00.000000004600,   4.26000,
,,,00.000000004620,   4.26000,
,,,00.000000004640,   4.26000,
,,,00.000000004660,   4.26000,
,,,00.000000004680,   4.26000,
,,,00.000000004700,   4.26000,
,,,00.000000004720,   4.26000,
,,,00.000000004740,   4.26000,
,,,00.000000004760,   4.26000,
,,,00.000000004780,   4.26000,
,,,00.000000004800,   4.28000,
,,,00.000000004820,   4.28000,
,,,00.000000004840,   4.28000,
,,,00.000000004860,   4.28000,
,,,00.000000004880,   4.28000,
,,,00.000000004900,   4.28000,
,,,00.000000004920,   4.28000,
,,,00.000000004940,   4.28000,
,,,00.000000004960,   4.28000,
,,,00.000000004980,   4.28000,
,,,00.000000005000,   4.28000,
,,,00.000000005020,   4.30000,
,,,00.000000005040,   4.30000,
,,,00.000000005060,   4.30000,
,,,00.000000005080,   4.30000,
,,,00.000000005100,   4.30000,
,,,00.000000005120,   4.30000,
,,,00.000000005140,   4.30000,
,,,00.000000005160,   4.30000,
,,,00.000000005180,   4.30000,
,,,00.000000005200,   4.30000,
,,,00.000000005220,   4.30000,
,,,00.000000005240,   4.30000,
,,,00.000000005260,   4.32000,
,,,00.000000005280,   4.32000,
,,,00.000000005300,   4.32000,
,,,00.000000005320,   4.32000,
,,,00.000000005340,   4.32000,
,,,00.000000005360,   4.32000,
,,,00.000000005380,   4.32000,
,,,00.000000005400,   4.32000,
,,,00.000000005420,   4.32000,
,,,00.000000005440,   4.32000,
,,,00.000000005460,   4.32000,
,,,00.000000005480,   4.32000,
,,,00.000000005500,   4.34000,
,,,00.000000005520,   4.34000,
,,,00.000000005540,   4.34000,
,,,00.000000005560,   4.34000,
,,,00.000000005580,   4.34000,
,,,00.000000005600,   4.34000,
,,,00.000000005620,   4.34000,
,,,00.000000005640,   4.34000,
,,,00.000000005660,   4.34000,
,,,00.000000005680,   4.34000,
,,,00.000000005700,   4.34000,
,,,00.000000005720,   4.34000,
,,,00.000000005740,   4.34000,
,,,00.000000005760,   4.36000,
,,,00.000000005780,   4.36000,
,,,00.000000005800,   4.36000,
,,,00.000000005820,   4.36000,
,,,00.000000005840,   4.36000,
,,,00.000000005860,   4.36000,
,,,00.000000005880,   4.36000,
,,,00.000000005900,   4.36000,
,,,00.000000005920,   4.36000,
,,,00.000000005940,   4.36000,
,,,00.000000005960,   4.36000,
,,,00.000000005980,   4.36000,
,,,00.000000006000,   4.38000,
,,,00.000000006020,   4.38000,
,,,00.000000006040,   4.38000,
,,,00.000000006060,   4.38000,
,,,00.000000006080,   4.38000,
,,,00.000000006100,   4.38000,
,,,00.000000006120,   4.38000,
,,,00.000000006140,   4.38000,
,,,00.000000006160,   4.38000,
,,,00.000000006180,   4.38000,
,,,00.000000006200,   4.38000,
,,,00.000000006220,   4.38000,
,,,00.000000006240,   4.38000,
,,,00.000000006260,   4.40000,
,,,00.000000006280,   4.40000,
,,,00.000000006300,   4.40000,
,,,00.000000006320,   4.40000,
,,,00.000000006340,   4.40000,
,,,00.000000006360,   4.40000,
,,,00.000000006380,   4.40000,
,,,00.000000006400,   4.40000,
,,,00.000000006420,   4.40000,
,,,00.000000006440,   4.40000,
,,,00.000000006460,   4.40000,
,,,00.000000006480,   4.40000,
,,,00.000000006500,   4.42000,
,,,00.000000006520,   4.42000,
,,,00.000000006540,   4.42000,
,,,00.000000006560,   4.42000,
,,,00.000000006580,   4.42000,
,,,00.000000006600,   4.42000,
,,,00.000000006620,   4.42000,
,,,00.000000006640,   4.42000,
,,,00.000000006660,   4.42000,
,,,00.000000006680,   4.42000,
,,,00.000000006700,   4.42000,
,,,00.000000006720,   4.42000,
,,,00.000000006740,   4.42000,
,,,00.000000006760,   4.44000,
,,,00.000000006780,   4.44000,
,,,00.000000006800,   4.44000,
,,,00.000000006820,   4.44000,
,,,00.000000006840,   4.44000,
,,,00.000000006860,   4.44000,
,,,00.000000006880,   4.44000,
,,,00.000000006900,   4.44000,
,,,00.000000006920,   4.44000,
,,,00.000000006940,   4.44000,
,,,00.000000006960,   4.44000,
,,,00.000000006980,   4.44000,
,,,00.000000007000,   4.44000,
,,,00.000000007020,   4.46000,
,,,00.000000007040,   4.46000,
,,,00.000000007060,   4.46000,
,,,00.000000007080,   4.46000,
,,,00.000000007100,   4.46000,
,,,00.000000007120,   4.46000,
,,,00.000000007140,   4.46000,
,,,00.000000007160,   4.46000,
,,,00.000000007180,   4.46000,
,,,00.000000007200,   4.46000,
,,,00.000000007220,   4.46000,
,,,00.000000007240,   4.46000,
,,,00.000000007260,   4.46000,
,,,00.000000007280,   4.48000,
,,,00.000000007300,   4.48000,
,,,00.000000007320,   4.48000,
,,,00.000000007340,   4.48000,
,,,00.000000007360,   4.48000,
,,,00.000000007380,   4.48000,
,,,00.000000007400,   4.48000,
,,,00.000000007420,   4.48000,
,,,00.000000007440,   4.48000,
,,,00.000000007460,   4.48000,
,,,00.000000007480,   4.48000,
,,,00.000000007500,   4.48000,
,,,00.000000007520,   4.48000,
,,,00.000000007540,   4.50000,
,,,00.000000007560,   4.50000,
,,,00.000000007580,   4.50000,
,,,00.000000007600,   4.50000,
,,,00.000000007620,   4.50000,
,,,00.000000007640,   4.50000,
,,,00.000000007660,   4.50000,
,,,00.000000007680,   4.50000,
,,,00.000000007700,   4.50000,
,,,00.000000007720,   4.50000,
,,,00.000000007740,   4.50000,
,,,00.000000007760,   4.50000,
,,,00.000000007780,   4.50000,
,,,00.000000007800,   4.50000,
,,,00.000000007820,   4.52000,
,,,00.000000007840,   4.52000,
,,,00.000000007860,   4.52000,
,,,00.000000007880,   4.52000,
,,,00.000000007900,   4.52000,
,,,00.000000007920,   4.52000,
,,,00.000000007940,   4.52000,
,,,00.000000007960,   4.52000,
,,,00.000000007980,   4.52000,
,,,00.000000008000,   4.52000,
,,,00.000000008020,   4.52000,
,,,00.000000008040,   4.52000,
,,,00.000000008060,   4.52000,
,,,00.000000008080,   4.52000,
,,,00.000000008100,   4.54000,
,,,00.000000008120,   4.54000,
,,,00.000000008140,   4.54000,
,,,00.000000008160,   4.54000,
,,,00.000000008180,   4.54000,
,,,00.000000008200,   4.54000,
,,,00.000000008220,   4.54000,
,,,00.000000008240,   4.54000,
,,,00.000000008260,   4.54000,
,,,00.000000008280,   4.54000,
,,,00.000000008300,   4.54000,
,,,00.000000008320,   4.54000,
,,,00.000000008340,   4.54000,
,,,00.000000008360,   4.54000,
,,,00.000000008380,   4.54000,
,,,00.000000008400,   4.56000,
,,,00.000000008420,   4.56000,
,,,00.000000008440,   4.56000,
,,,00.000000008460,   4.56000,
,,,00.000000008480,   4.56000,
,,,00.000000008500,   4.56000,
,,,00.000000008520,   4.56000,
,,,00.000000008540,   4.56000,
,,,00.000000008560,   4.56000,
,,,00.000000008580,   4.56000,
,,,00.000000008600,   4.56000,
,,,00.000000008620,   4.56000,
,,,00.000000008640,   4.56000,
,,,00.000000008660,   4.56000,
,,,00.000000008680,   4.58000,
,,,00.000000008700,   4.58000,
,,,00.000000008720,   4.58000,
,,,00.000000008740,   4.58000,
,,,00.000000008760,   4.58000,
,,,00.000000008780,   4.58000,
,,,00.000000008800,   4.58000,
,,,00.000000008820,   4.58000,
,,,00.000000008840,   4.58000,
,,,00.000000008860,   4.58000,
,,,00.000000008880,   4.58000,
,,,00.000000008900,   4.58000,
,,,00.000000008920,   4.58000,
,,,00.000000008940,   4.58000,
,,,00.000000008960,   4.60000,
,,,00.000000008980,   4.60000,
,,,00.000000009000,   4.60000,
,,,00.000000009020,   4.60000,
,,,00.000000009040,   4.60000,
,,,00.000000009060,   4.60000,
,,,00.000000009080,   4.60000,
,,,00.000000009100,   4.60000,
,,,00.000000009120,   4.60000,
,,,00.000000009140,   4.60000,
,,,00.000000009160,   4.60000,
,,,00.000000009180,   4.60000,
,,,00.000000009200,   4.60000,
,,,00.000000009220,   4.60000,
,,,00.000000009240,   4.62000,
,,,00.000000009260,   4.62000,
,,,00.000000009280,   4.62000,
,,,00.000000009300,   4.62000,
,,,00.000000009320,   4.62000,
,,,00.000000009340,   4.62000,
,,,00.000000009360,   4.62000,
,,,00.000000009380,   4.62000,
,,,00.000000009400,   4.62000,
,,,00.000000009420,   4.62000,
,,,00.000000009440,   4.62000,
,,,00.000000009460,   4.62000,
,,,00.000000009480,   4.62000,
,,,00.000000009500,   4.62000,
,,,00.000000009520,   4.64000,
,,,00.000000009540,   4.64000,
,,,00.000000009560,   4.64000,
,,,00.000000009580,   4.64000,
,,,00.000000009600,   4.64000,
,,,00.000000009620,   4.64000,
,,,00.000000009640,   4.64000,
,,,00.000000009660,   4.64000,
,,,00.000000009680,   4.64000,
,,,00.000000009700,   4.64000,
,,,00.000000009720,   4.64000,
,,,00.000000009740,   4.64000,
,,,00.000000009760,   4.64000,
,,,00.000000009780,   4.64000,
,,,00.000000009800,   4.64000,
,,,00.000000009820,   4.64000,
,,,00.000000009840,   4.66000,
,,,00.000000009860,   4.66000,
,,,00.000000009880,   4.66000,
,,,00.000000009900,   4.66000,
,,,00.000000009920,   4.66000,
,,,00.000000009940,   4.66000,
,,,00.000000009960,   4.66000,
,,,00.000000009980,   4.66000,
,,,00.000000010000,   4.66000,
,,,00.000000010020,   4.66000,
,,,00.000000010040,   4.66000,
,,,00.000000010060,   4.66000,
,,,00.000000010080,   4.66000,
,,,00.000000010100,   4.66000,
,,,00.000000010120,   4.66000,
,,,00.000000010140,   4.66000,
,,,00.000000010160,   4.68000,
,,,00.000000010180,   4.68000,
,,,00.000000010200,   4.68000,
,,,00.000000010220,   4.68000,
,,,00.000000010240,   4.68000,
,,,00.000000010260,   4.68000,
,,,00.000000010280,   4.68000,
,,,00.000000010300,   4.68000,
,,,00.000000010320,   4.68000,
,,,00.000000010340,   4.68000,
,,,00.000000010360,   4.68000,
,,,00.000000010380,   4.68000,
,,,00.000000010400,   4.68000,
,,,00.000000010420,   4.68000,
,,,00.000000010440,   4.68000,
,,,00.000000010460,   4.68000,
,,,00.000000010480,   4.68000,
,,,00.000000010500,   4.68000,
,,,00.000000010520,   4.68000,
,,,00.000000010540,   4.68000,
,,,00.000000010560,   4.70000,
,,,00.000000010580,   4.70000,
,,,00.000000010600,   4.70000,
,,,00.000000010620,   4.70000,
,,,00.000000010640,   4.70000,
,,,00.000000010660,   4.70000,
,,,00.000000010680,   4.70000,
,,,00.000000010700,   4.70000,
,,,00.000000010720,   4.70000,
,,,00.000000010740,   4.70000,
,,,00.000000010760,   4.70000,
,,,00.000000010780,   4.70000,
,,,00.000000010800,   4.70000,
,,,00.000000010820,   4.70000,
,,,00.000000010840,   4.70000,
,,,00.000000010860,   4.70000,
,,,00.000000010880,   4.70000,
,,,00.000000010900,   4.70000,
,,,00.000000010920,   4.70000,
,,,00.000000010940,   4.70000,
,,,00.000000010960,   4.70000,
,,,00.000000010980,   4.70000,
,,,00.000000011000,   4.72000,
,,,00.000000011020,   4.72000,
,,,00.000000011040,   4.72000,
,,,00.000000011060,   4.72000,
,,,00.000000011080,   4.72000,
,,,00.000000011100,   4.72000,
,,,00.000000011120,   4.72000,
,,,00.000000011140,   4.72000,
,,,00.000000011160,   4.72000,
,,,00.000000011180,   4.72000,
,,,00.000000011200,   4.72000,
,,,00.000000011220,   4.72000,
,,,00.000000011240,   4.72000,
,,,00.000000011260,   4.72000,
,,,00.000000011280,   4.72000,
,,,00.000000011300,   4.72000,
,,,00.000000011320,   4.72000,
,,,00.000000011340,   4.72000,
,,,00.000000011360,   4.72000,
,,,00.000000011380,   4.72000,
,,,00.000000011400,   4.72000,
,,,00.000000011420,   4.72000,
,,,00.000000011440,   4.72000,
,,,00.000000011460,   4.72000,
,,,00.000000011480,   4.72000,
,,,00.000000011500,   4.72000,
,,,00.000000011520,   4.74000,
,,,00.000000011540,   4.74000,
,,,00.000000011560,   4.74000,
,,,00.000000011580,   4.74000,
,,,00.000000011600,   4.74000,
,,,00.000000011620,   4.74000,
,,,00.000000011640,   4.74000,
,,,00.000000011660,   4.74000,
,,,00.000000011680,   4.74000,
,,,00.000000011700,   4.74000,
,,,00.000000011720,   4.74000,
,,,00.000000011740,   4.74000,
,,,00.000000011760,   4.74000,
,,,00.000000011780,   4.74000,
,,,00.000000011800,   4.74000,
,,,00.000000011820,   4.74000,
,,,00.000000011840,   4.74000,
,,,00.000000011860,   4.74000,
,,,00.000000011880,   4.74000,
,,,00.000000011900,   4.74000,
,,,00.000000011920,   4.74000,
,,,00.000000011940,   4.74000,
,,,00.000000011960,   4.74000,
,,,00.000000011980,   4.74000,
,,,00.000000012000,   4.74000,
,,,00.000000012020,   4.74000,
,,,00.000000012040,   4.74000,
,,,00.000000012060,   4.74000,
,,,00.000000012080,   4.76000,
,,,00.000000012100,   4.76000,
,,,00.000000012120,   4.76000,
,,,00.000000012140,   4.76000,
,,,00.000000012160,   4.76000,
,,,00.000000012180,   4.76000,
,,,00.000000012200,   4.76000,
,,,00.000000012220,   4.76000,
,,,00.000000012240,   4.76000,
,,,00.000000012260,   4.76000,
,,,00.000000012280,   4.76000,
,,,00.000000012300,   4.76000,
,,,00.000000012320,   4.76000,
,,,00.000000012340,   4.76000,
,,,00.000000012360,   4.76000,
,,,00.000000012380,   4.76000,
,,,00.000000012400,   4.76000,
,,,00.000000012420,   4.76000,
,,,00.000000012440,   4.76000,
,,,00.000000012460,   4.76000,
,,,00.000000012480,   4.76000,
,,,00.000000012500,   4.76000,
,,,00.000000012520,   4.76000,
,,,00.000000012540,   4.76000,
,,,00.000000012560,   4.76000,
,,,00.000000012580,   4.76000,
,,,00.000000012600,   4.76000,
,,,00.000000012620,   4.76000,
,,,00.000000012640,   4.76000,
,,,00.000000012660,   4.76000,
,,,00.000000012680,   4.78000,
,,,00.000000012700,   4.78000,
,,,00.000000012720,   4.78000,
,,,00.000000012740,   4.78000,
,,,00.000000012760,   4.78000,
,,,00.000000012780,   4.78000,
,,,00.000000012800,   4.78000,
,,,00.000000012820,   4.78000,
,,,00.000000012840,   4.78000,
,,,00.000000012860,   4.78000,
,,,00.000000012880,   4.78000,
,,,00.000000012900,   4.78000,
,,,00.000000012920,   4.78000,
,,,00.000000012940,   4.78000,
,,,00.000000012960,   4.78000,
,,,00.000000012980,   4.78000,
,,,00.000000013000,   4.78000,
,,,00.000000013020,   4.78000,
,,,00.000000013040,   4.78000,
,,,00.000000013060,   4.78000,
,,,00.000000013080,   4.78000,
,,,00.000000013100,   4.78000,
,,,00.000000013120,   4.78000,
,,,00.000000013140,   4.78000,
,,,00.000000013160,   4.78000,
,,,00.000000013180,   4.78000,
,,,00.000000013200,   4.78000,
,,,00.000000013220,   4.78000,
,,,00.000000013240,   4.78000,
,,,00.000000013260,   4.78000,
,,,00.000000013280,   4.78000,
,,,00.000000013300,   4.78000,
,,,00.000000013320,   4.78000,
,,,00.000000013340,   4.78000,
,,,00.000000013360,   4.78000,
,,,00.000000013380,   4.78000,
,,,00.000000013400,   4.80000,
,,,00.000000013420,   4.80000,
,,,00.000000013440,   4.80000,
,,,00.000000013460,   4.80000,
,,,00.000000013480,   4.80000,
,,,00.000000013500,   4.80000,
,,,00.000000013520,   4.80000,
,,,00.000000013540,   4.80000,
,,,00.000000013560,   4.80000,
,,,00.000000013580,   4.80000,
,,,00.000000013600,   4.80000,
,,,00.000000013620,   4.80000,
,,,00.000000013640,   4.80000,
,,,00.000000013660,   4.80000,
,,,00.000000013680,   4.80000,
,,,00.000000013700,   4.80000,
,,,00.000000013720,   4.80000,
,,,00.000000013740,   4.80000,
,,,00.000000013760,   4.80000,
,,,00.000000013780,   4.80000,
,,,00.000000013800,   4.80000,
,,,00.000000013820,   4.80000,
,,,00.000000013840,   4.80000,
,,,00.000000013860,   4.80000,
,,,00.000000013880,   4.80000,
,,,00.000000013900,   4.80000,
,,,00.000000013920,   4.80000,
,,,00.000000013940,   4.80000,
,,,00.000000013960,   4.80000,
,,,00.000000013980,   4.80000,
,,,00.000000014000,   4.80000,
,,,00.000000014020,   4.80000,
,,,00.000000014040,   4.80000,
,,,00.000000014060,   4.80000,
,,,00.000000014080,   4.80000,
,,,00.000000014100,   4.80000,
,,,00.000000014120,   4.80000,
,,,00.000000014140,   4.80000,
,,,00.000000014160,   4.80000,
,,,00.000000014180,   4.80000,
,,,00.000000014200,   4.80000,
,,,00.000000014220,   4.80000,
,,,00.000000014240,   4.80000,
,,,00.000000014260,   4.80000,
,,,00.000000014280,   4.80000,
,,,00.000000014300,   4.80000,
,,,00.000000014320,   4.80000,
,,,00.000000014340,   4.80000,
,,,00.000000014360,   4.80000,
,,,00.000000014380,   4.80000,
,,,00.000000014400,   4.80000,
,,,00.000000014420,   4.80000,
,,,00.000000014440,   4.80000,
,,,00.000000014460,   4.80000,
,,,00.000000014480,   4.80000,
,,,00.000000014500,   4.80000,
,,,00.000000014520,   4.80000,
,,,00.000000014540,   4.80000,
,,,00.000000014560,   4.80000,
,,,00.000000014580,   4.80000,
,,,00.000000014600,   4.82000,
,,,00.000000014620,   4.82000,
,,,00.000000014640,   4.82000,
,,,00.000000014660,   4.82000,
,,,00.000000014680,   4.82000,
,,,00.000000014700,   4.82000,
,,,00.000000014720,   4.82000,
,,,00.000000014740,   4.82000,
,,,00.000000014760,   4.82000,
,,,00.000000014780,   4.82000,
,,,00.000000014800,   4.82000,
,,,00.000000014820,   4.82000,
,,,00.000000014840,   4.82000,
,,,00.000000014860,   4.82000,
,,,00.000000014880,   4.82000,
,,,00.000000014900,   4.82000,
,,,00.000000014920,   4.82000,
,,,00.000000014940,   4.82000,
,,,00.000000014960,   4.82000,
,,,00.000000014980,   4.82000,
,,,00.000000015000,   4.82000,
,,,00.000000015020,   4.82000,
,,,00.000000015040,   4.82000,
,,,00.000000015060,   4.82000,
,,,00.000000015080,   4.82000,
,,,00.000000015100,   4.82000,
,,,00.000000015120,   4.82000,
,,,00.000000015140,   4.82000,
,,,00.000000015160,   4.82000,
,,,00.000000015180,   4.82000,
,,,00.000000015200,   4.82000,
,,,00.000000015220,   4.82000,
,,,00.000000015240,   4.82000,
,,,00.000000015260,   4.82000,
,,,00.000000015280,   4.82000,
,,,00.000000015300,   4.82000,
,,,00.000000015320,   4.82000,
,,,00.000000015340,   4.82000,
,,,00.000000015360,   4.82000,
,,,00.000000015380,   4.82000,
,,,00.000000015400,   4.82000,
,,,00.000000015420,   4.82000,
,,,00.000000015440,   4.82000,
,,,00.000000015460,   4.82000,
,,,00.000000015480,   4.82000,
,,,00.000000015500,   4.82000,
,,,00.000000015520,   4.82000,
,,,00.000000015540,   4.82000,
,,,00.000000015560,   4.82000,
,,,00.000000015580,   4.82000,
,,,00.000000015600,   4.82000,
,,,00.000000015620,   4.82000,
,,,00.000000015640,   4.82000,
,,,00.000000015660,   4.82000,
,,,00.000000015680,   4.82000,
,,,00.000000015700,   4.82000,
,,,00.000000015720,   4.82000,
,,,00.000000015740,   4.82000,
,,,00.000000015760,   4.82000,
,,,00.000000015780,   4.82000,
,,,00.000000015800,   4.82000,
,,,00.000000015820,   4.82000,
,,,00.000000015840,   4.82000,
,,,00.000000015860,   4.82000,
,,,00.000000015880,   4.82000,
,,,00.000000015900,   4.82000,
,,,00.000000015920,   4.82000,
,,,00.000000015940,   4.82000,
,,,00.000000015960,   4.82000,
,,,00.000000015980,   4.82000,
,,,00.000000016000,   4.82000,
,,,00.000000016020,   4.82000,
,,,00.000000016040,   4.82000,
,,,00.000000016060,   4.82000,
,,,00.000000016080,   4.82000,
,,,00.000000016100,   4.82000,
,,,00.000000016120,   4.82000,
,,,00.000000016140,   4.82000,
,,,00.000000016160,   4.82000,
,,,00.000000016180,   4.82000,
,,,00.000000016200,   4.82000,
,,,00.000000016220,   4.82000,
,,,00.000000016240,   4.82000,
,,,00.000000016260,   4.82000,
,,,00.000000016280,   4.82000,
,,,00.000000016300,   4.82000,
,,,00.000000016320,   4.82000,
,,,00.000000016340,   4.82000,
,,,00.000000016360,   4.82000,
,,,00.000000016380,   4.82000,
,,,00.000000016400,   4.82000,
,,,00.000000016420,   4.82000,
,,,00.000000016440,   4.82000,
,,,00.000000016460,   4.82000,
,,,00.000000016480,   4.82000,
,,,00.000000016500,   4.82000,
,,,00.000000016520,   4.82000,
,,,00.000000016540,   4.82000,
,,,00.000000016560,   4.82000,
,,,00.000000016580,   4.82000,
,,,00.000000016600,   4.82000,
,,,00.000000016620,   4.82000,
,,,00.000000016640,   4.82000,
,,,00.000000016660,   4.82000,
,,,00.000000016680,   4.82000,
,,,00.000000016700,   4.82000,
,,,00.000000016720,   4.82000,
,,,00.000000016740,   4.82000,
,,,00.000000016760,   4.82000,
,,,00.000000016780,   4.82000,
,,,00.000000016800,   4.82000,
,,,00.000000016820,   4.82000,
,,,00.000000016840,   4.82000,
,,,00.000000016860,   4.82000,
,,,00.000000016880,   4.82000,
,,,00.000000016900,   4.82000,
,,,00.000000016920,   4.82000,
,,,00.000000016940,   4.82000,
,,,00.000000016960,   4.82000,
,,,00.000000016980,   4.82000,
,,,00.000000017000,   4.82000,
,,,00.000000017020,   4.82000,
,,,00.000000017040,   4.82000,
,,,00.000000017060,   4.82000,
,,,00.000000017080,   4.82000,
,,,00.000000017100,   4.82000,
,,,00.000000017120,   4.82000,
,,,00.000000017140,   4.82000,
,,,00.000000017160,   4.82000,
,,,00.000000017180,   4.82000,
,,,00.000000017200,   4.82000,
,,,00.000000017220,   4.82000,
,,,00.000000017240,   4.82000,
,,,00.000000017260,   4.82000,
,,,00.000000017280,   4.82000,
,,,00.000000017300,   4.82000,
,,,00.000000017320,   4.82000,
,,,00.000000017340,   4.82000,
,,,00.000000017360,   4.82000,
,,,00.000000017380,   4.82000,
,,,00.000000017400,   4.82000,
,,,00.000000017420,   4.82000,
,,,00.000000017440,   4.82000,
,,,00.000000017460,   4.82000,
,,,00.000000017480,   4.82000,
,,,00.000000017500,   4.82000,
,,,00.000000017520,   4.82000,
,,,00.000000017540,   4.82000,
,,,00.000000017560,   4.82000,
,,,00.000000017580,   4.82000,
,,,00.000000017600,   4.82000,
,,,00.000000017620,   4.82000,
,,,00.000000017640,   4.82000,
,,,00.000000017660,   4.82000,
,,,00.000000017680,   4.82000,
,,,00.000000017700,   4.82000,
,,,00.000000017720,   4.82000,
,,,00.000000017740,   4.82000,
,,,00.000000017760,   4.82000,
,,,00.000000017780,   4.82000,
,,,00.000000017800,   4.82000,
,,,00.000000017820,   4.82000,
,,,00.000000017840,   4.82000,
,,,00.000000017860,   4.82000,
,,,00.000000017880,   4.82000,
,,,00.000000017900,   4.82000,
,,,00.000000017920,   4.82000,
,,,00.000000017940,   4.82000,
,,,00.000000017960,   4.82000,
,,,00.000000017980,   4.82000,
,,,00.000000018000,   4.82000,
,,,00.000000018020,   4.82000,
,,,00.000000018040,   4.82000,
,,,00.000000018060,   4.82000,
,,,00.000000018080,   4.82000,
,,,00.000000018100,   4.82000,
,,,00.000000018120,   4.82000,
,,,00.000000018140,   4.82000,
,,,00.000000018160,   4.82000,
,,,00.000000018180,   4.82000,
,,,00.000000018200,   4.82000,
,,,00.000000018220,   4.82000,
,,,00.000000018240,   4.82000,
,,,00.000000018260,   4.82000,
,,,00.000000018280,   4.82000,
,,,00.000000018300,   4.82000,
,,,00.000000018320,   4.82000,
,,,00.000000018340,   4.82000,
,,,00.000000018360,   4.82000,
,,,00.000000018380,   4.82000,
,,,00.000000018400,   4.82000,
,,,00.000000018420,   4.82000,
,,,00.000000018440,   4.82000,
,,,00.000000018460,   4.82000,
,,,00.000000018480,   4.82000,
,,,00.000000018500,   4.82000,
,,,00.000000018520,   4.82000,
,,,00.000000018540,   4.82000,
,,,00.000000018560,   4.82000,
,,,00.000000018580,   4.82000,
,,,00.000000018600,   4.82000,
,,,00.000000018620,   4.82000,
,,,00.000000018640,   4.82000,
,,,00.000000018660,   4.82000,
,,,00.000000018680,   4.82000,
,,,00.000000018700,   4.82000,
,,,00.000000018720,   4.82000,
,,,00.000000018740,   4.82000,
,,,00.000000018760,   4.82000,
,,,00.000000018780,   4.82000,
,,,00.000000018800,   4.82000,
,,,00.000000018820,   4.82000,
,,,00.000000018840,   4.82000,
,,,00.000000018860,   4.82000,
,,,00.000000018880,   4.82000,
,,,00.000000018900,   4.82000,
,,,00.000000018920,   4.82000,
,,,00.000000018940,   4.82000,
,,,00.000000018960,   4.82000,
,,,00.000000018980,   4.82000,
,,,00.000000019000,   4.82000,
,,,00.000000019020,   4.82000,
,,,00.000000019040,   4.82000,
,,,00.000000019060,   4.82000,
,,,00.000000019080,   4.82000,
,,,00.000000019100,   4.82000,
,,,00.000000019120,   4.82000,
,,,00.000000019140,   4.82000,
,,,00.000000019160,   4.82000,
,,,00.000000019180,   4.82000,
,,,00.000000019200,   4.82000,
,,,00.000000019220,   4.82000,
,,,00.000000019240,   4.82000,
,,,00.000000019260,   4.82000,
,,,00.000000019280,   4.82000,
,,,00.000000019300,   4.82000,
,,,00.000000019320,   4.82000,
,,,00.000000019340,   4.82000,
,,,00.000000019360,   4.82000,
,,,00.000000019380,   4.82000,
,,,00.000000019400,   4.82000,
,,,00.000000019420,   4.82000,
,,,00.000000019440,   4.82000,
,,,00.000000019460,   4.82000,
,,,00.000000019480,   4.82000,
,,,00.000000019500,   4.82000,
,,,00.000000019520,   4.82000,
,,,00.000000019540,   4.82000,
,,,00.000000019560,   4.82000,
,,,00.000000019580,   4.82000,
,,,00.000000019600,   4.82000,
,,,00.000000019620,   4.82000,
,,,00.000000019640,   4.82000,
,,,00.000000019660,   4.82000,
,,,00.000000019680,   4.82000,
,,,00.000000019700,   4.82000,
,,,00.000000019720,   4.82000,
,,,00.000000019740,   4.82000,
,,,00.000000019760,   4.82000,
,,,00.000000019780,   4.82000,
,,,00.000000019800,   4.82000,
,,,00.000000019820,   4.82000,
,,,00.000000019840,   4.82000,
,,,00.000000019860,   4.82000,
,,,00.000000019880,   4.82000,
,,,00.000000019900,   4.82000,
,,,00.000000019920,   4.82000,
,,,00.000000019940,   4.82000,
,,,00.000000019960,   4.82000,
,,,00.000000019980,   4.82000,
,,,00.000000020000,   4.82000,
,,,00.000000020020,   4.82000,
,,,00.000000020040,   4.82000,
,,,00.000000020060,   4.82000,
,,,00.000000020080,   4.82000,
,,,00.000000020100,   4.82000,
,,,00.000000020120,   4.82000,
,,,00.000000020140,   4.82000,
,,,00.000000020160,   4.82000,
,,,00.000000020180,   4.82000,
,,,00.000000020200,   4.82000,
,,,00.000000020220,   4.82000,
,,,00.000000020240,   4.82000,
,,,00.000000020260,   4.82000,
,,,00.000000020280,   4.82000,
,,,00.000000020300,   4.82000,
,,,00.000000020320,   4.82000,
,,,00.000000020340,   4.82000,
,,,00.000000020360,   4.82000,
,,,00.000000020380,   4.82000,
,,,00.000000020400,   4.82000,
,,,00.000000020420,   4.82000,
,,,00.000000020440,   4.82000,
,,,00.000000020460,   4.82000,
,,,00.000000020480,   4.82000,
,,,00.000000020500,   4.82000,
,,,00.000000020520,   4.82000,
,,,00.000000020540,   4.82000,
,,,00.000000020560,   4.82000,
,,,00.000000020580,   4.82000,
,,,00.000000020600,   4.82000,
,,,00.000000020620,   4.82000,
,,,00.000000020640,   4.82000,
,,,00.000000020660,   4.82000,
,,,00.000000020680,   4.82000,
,,,00.000000020700,   4.82000,
,,,00.000000020720,   4.82000,
,,,00.000000020740,   4.82000,
,,,00.000000020760,   4.82000,
,,,00.000000020780,   4.82000,
,,,00.000000020800,   4.82000,
,,,00.000000020820,   4.82000,
,,,00.000000020840,   4.82000,
,,,00.000000020860,   4.82000,
,,,00.000000020880,   4.82000,
,,,00.000000020900,   4.82000,
,,,00.000000020920,   4.82000,
,,,00.000000020940,   4.82000,
,,,00.000000020960,   4.82000,
,,,00.000000020980,   4.82000,
,,,00.000000021000,   4.82000,
,,,00.000000021020,   4.82000,
,,,00.000000021040,   4.82000,
,,,00.000000021060,   4.82000,
,,,00.000000021080,   4.82000,
,,,00.000000021100,   4.82000,
,,,00.000000021120,   4.82000,
,,,00.000000021140,   4.82000,
,,,00.000000021160,   4.82000,
,,,00.000000021180,   4.82000,
,,,00.000000021200,   4.82000,
,,,00.000000021220,   4.82000,
,,,00.000000021240,   4.82000,
,,,00.000000021260,   4.82000,
,,,00.000000021280,   4.82000,
,,,00.000000021300,   4.82000,
,,,00.000000021320,   4.82000,
,,,00.000000021340,   4.82000,
,,,00.000000021360,   4.82000,
,,,00.000000021380,   4.82000,
,,,00.000000021400,   4.82000,
,,,00.000000021420,   4.82000,
,,,00.000000021440,   4.82000,
,,,00.000000021460,   4.82000,
,,,00.000000021480,   4.82000,
,,,00.000000021500,   4.82000,
,,,00.000000021520,   4.82000,
,,,00.000000021540,   4.82000,
,,,00.000000021560,   4.82000,
,,,00.000000021580,   4.82000,
,,,00.000000021600,   4.82000,
,,,00.000000021620,   4.82000,
,,,00.000000021640,   4.82000,
,,,00.000000021660,   4.82000,
,,,00.000000021680,   4.82000,
,,,00.000000021700,   4.82000,
,,,00.000000021720,   4.82000,
,,,00.000000021740,   4.82000,
,,,00.000000021760,   4.82000,
,,,00.000000021780,   4.82000,
,,,00.000000021800,   4.82000,
,,,00.000000021820,   4.82000,
,,,00.000000021840,   4.82000,
,,,00.000000021860,   4.82000,
,,,00.000000021880,   4.82000,
,,,00.000000021900,   4.82000,
,,,00.000000021920,   4.82000,
,,,00.000000021940,   4.82000,
,,,00.000000021960,   4.82000,
,,,00.000000021980,   4.82000,
,,,00.000000022000,   4.82000,
,,,00.000000022020,   4.82000,
,,,00.000000022040,   4.82000,
,,,00.000000022060,   4.82000,
,,,00.000000022080,   4.82000,
,,,00.000000022100,   4.82000,
,,,00.000000022120,   4.82000,
,,,00.000000022140,   4.82000,
,,,00.000000022160,   4.82000,
,,,00.000000022180,   4.82000,
,,,00.000000022200,   4.82000,
,,,00.000000022220,   4.82000,
,,,00.000000022240,   4.82000,
,,,00.000000022260,   4.82000,
,,,00.000000022280,   4.82000,
,,,00.000000022300,   4.82000,
,,,00.000000022320,   4.82000,
,,,00.000000022340,   4.82000,
,,,00.000000022360,   4.82000,
,,,00.000000022380,   4.82000,
,,,00.000000022400,   4.82000,
,,,00.000000022420,   4.82000,
,,,00.000000022440,   4.82000,
,,,00.000000022460,   4.82000,
,,,00.000000022480,   4.82000,
,,,00.000000022500,   4.82000,
,,,00.000000022520,   4.82000,
,,,00.000000022540,   4.82000,
,,,00.000000022560,   4.82000,
,,,00.000000022580,   4.82000,
,,,00.000000022600,   4.82000,
,,,00.000000022620,   4.82000,
,,,00.000000022640,   4.82000,
,,,00.000000022660,   4.82000,
,,,00.000000022680,   4.82000,
,,,00.000000022700,   4.82000,
,,,00.000000022720,   4.82000,
,,,00.000000022740,   4.82000,
,,,00.000000022760,   4.82000,
,,,00.000000022780,   4.82000,
,,,00.000000022800,   4.82000,
,,,00.000000022820,   4.82000,
,,,00.000000022840,   4.82000,
,,,00.000000022860,   4.82000,
,,,00.000000022880,   4.82000,
,,,00.000000022900,   4.82000,
,,,00.000000022920,   4.82000,
,,,00.000000022940,   4.82000,
,,,00.000000022960,   4.82000,
,,,00.000000022980,   4.82000,
,,,00.000000023000,   4.82000,
,,,00.000000023020,   4.82000,
,,,00.000000023040,   4.82000,
,,,00.000000023060,   4.80000,
,,,00.000000023080,   4.80000,
,,,00.000000023100,   4.80000,
,,,00.000000023120,   4.80000,
,,,00.000000023140,   4.80000,
,,,00.000000023160,   4.80000,
,,,00.000000023180,   4.80000,
,,,00.000000023200,   4.80000,
,,,00.000000023220,   4.80000,
,,,00.000000023240,   4.80000,
,,,00.000000023260,   4.80000,
,,,00.000000023280,   4.80000,
,,,00.000000023300,   4.80000,
,,,00.000000023320,   4.80000,
,,,00.000000023340,   4.80000,
,,,00.000000023360,   4.80000,
,,,00.000000023380,   4.80000,
,,,00.000000023400,   4.80000,
,,,00.000000023420,   4.80000,
,,,00.000000023440,   4.80000,
,,,00.000000023460,   4.80000,
,,,00.000000023480,   4.80000,
,,,00.000000023500,   4.80000,
,,,00.000000023520,   4.80000,
,,,00.000000023540,   4.80000,
,,,00.000000023560,   4.80000,
,,,00.000000023580,   4.80000,
,,,00.000000023600,   4.80000,
,,,00.000000023620,   4.80000,
,,,00.000000023640,   4.80000,
,,,00.000000023660,   4.80000,
,,,00.000000023680,   4.80000,
,,,00.000000023700,   4.80000,
,,,00.000000023720,   4.80000,
,,,00.000000023740,   4.80000,
,,,00.000000023760,   4.80000,
,,,00.000000023780,   4.80000,
,,,00.000000023800,   4.80000,
,,,00.000000023820,   4.80000,
,,,00.000000023840,   4.80000,
,,,00.000000023860,   4.80000,
,,,00.000000023880,   4.80000,
,,,00.000000023900,   4.80000,
,,,00.000000023920,   4.80000,
,,,00.000000023940,   4.80000,
,,,00.000000023960,   4.80000,
,,,00.000000023980,   4.80000,
,,,00.000000024000,   4.80000,
,,,00.000000024020,   4.80000,
,,,00.000000024040,   4.80000,
,,,00.000000024060,   4.80000,
,,,00.000000024080,   4.80000,
,,,00.000000024100,   4.80000,
,,,00.000000024120,   4.80000,
,,,00.000000024140,   4.80000,
,,,00.000000024160,   4.80000,
,,,00.000000024180,   4.80000,
,,,00.000000024200,   4.80000,
,,,00.000000024220,   4.80000,
,,,00.000000024240,   4.80000,
,,,00.000000024260,   4.80000,
,,,00.000000024280,   4.80000,
,,,00.000000024300,   4.80000,
,,,00.000000024320,   4.80000,
,,,00.000000024340,   4.80000,
,,,00.000000024360,   4.80000,
,,,00.000000024380,   4.80000,
,,,00.000000024400,   4.80000,
,,,00.000000024420,   4.80000,
,,,00.000000024440,   4.80000,
,,,00.000000024460,   4.80000,
,,,00.000000024480,   4.80000,
,,,00.000000024500,   4.80000,
,,,00.000000024520,   4.80000,
,,,00.000000024540,   4.80000,
,,,00.000000024560,   4.80000,
,,,00.000000024580,   4.80000,
,,,00.000000024600,   4.80000,
,,,00.000000024620,   4.80000,
,,,00.000000024640,   4.80000,
,,,00.000000024660,   4.80000,
,,,00.000000024680,   4.80000,
,,,00.000000024700,   4.80000,
,,,00.000000024720,   4.80000,
,,,00.000000024740,   4.80000,
,,,00.000000024760,   4.80000,
,,,00.000000024780,   4.80000,
,,,00.000000024800,   4.80000,
,,,00.000000024820,   4.80000,
,,,00.000000024840,   4.80000,
,,,00.000000024860,   4.80000,
,,,00.000000024880,   4.80000,
,,,00.000000024900,   4.80000,
,,,00.000000024920,   4.80000,
,,,00.000000024940,   4.80000,
,,,00.000000024960,   4.80000,
,,,00.000000024980,   4.80000,
,,,00.000000025000,   4.80000,
,,,00.000000025020,   4.80000,
,,,00.000000025040,   4.80000,
,,,00.000000025060,   4.80000,
,,,00.000000025080,   4.80000,
,,,00.000000025100,   4.80000,
,,,00.000000025120,   4.80000,
,,,00.000000025140,   4.80000,
,,,00.000000025160,   4.80000,
,,,00.000000025180,   4.80000,
,,,00.000000025200,   4.80000,
,,,00.000000025220,   4.80000,
,,,00.000000025240,   4.80000,
,,,00.000000025260,   4.80000,
,,,00.000000025280,   4.80000,
,,,00.000000025300,   4.80000,
,,,00.000000025320,   4.80000,
,,,00.000000025340,   4.80000,
,,,00.000000025360,   4.80000,
,,,00.000000025380,   4.80000,
,,,00.000000025400,   4.80000,
,,,00.000000025420,   4.80000,
,,,00.000000025440,   4.80000,
,,,00.000000025460,   4.80000,
,,,00.000000025480,   4.80000,
,,,00.000000025500,   4.80000,
,,,00.000000025520,   4.80000,
,,,00.000000025540,   4.80000,
,,,00.000000025560,   4.80000,
,,,00.000000025580,   4.80000,
,,,00.000000025600,   4.80000,
,,,00.000000025620,   4.80000,
,,,00.000000025640,   4.80000,
,,,00.000000025660,   4.80000,
,,,00.000000025680,   4.80000,
,,,00.000000025700,   4.80000,
,,,00.000000025720,   4.80000,
,,,00.000000025740,   4.80000,
,,,00.000000025760,   4.80000,
,,,00.000000025780,   4.80000,
,,,00.000000025800,   4.80000,
,,,00.000000025820,   4.80000,
,,,00.000000025840,   4.80000,
,,,00.000000025860,   4.80000,
,,,00.000000025880,   4.80000,
,,,00.000000025900,   4.80000,
,,,00.000000025920,   4.80000,
,,,00.000000025940,   4.80000,
,,,00.000000025960,   4.80000,
,,,00.000000025980,   4.80000,
,,,00.000000026000,   4.80000,
,,,00.000000026020,   4.80000,
,,,00.000000026040,   4.80000,
,,,00.000000026060,   4.80000,
,,,00.000000026080,   4.80000,
,,,00.000000026100,   4.80000,
,,,00.000000026120,   4.80000,
,,,00.000000026140,   4.80000,
,,,00.000000026160,   4.80000,
,,,00.000000026180,   4.80000,
,,,00.000000026200,   4.80000,
,,,00.000000026220,   4.80000,
,,,00.000000026240,   4.80000,
,,,00.000000026260,   4.80000,
,,,00.000000026280,   4.80000,
,,,00.000000026300,   4.80000,
,,,00.000000026320,   4.80000,
,,,00.000000026340,   4.80000,
,,,00.000000026360,   4.80000,
,,,00.000000026380,   4.80000,
,,,00.000000026400,   4.80000,
,,,00.000000026420,   4.80000,
,,,00.000000026440,   4.80000,
,,,00.000000026460,   4.80000,
,,,00.000000026480,   4.80000,
,,,00.000000026500,   4.80000,
,,,00.000000026520,   4.80000,
,,,00.000000026540,   4.80000,
,,,00.000000026560,   4.80000,
,,,00.000000026580,   4.80000,
,,,00.000000026600,   4.80000,
,,,00.000000026620,   4.80000,
,,,00.000000026640,   4.80000,
,,,00.000000026660,   4.80000,
,,,00.000000026680,   4.80000,
,,,00.000000026700,   4.80000,
,,,00.000000026720,   4.80000,
,,,00.000000026740,   4.80000,
,,,00.000000026760,   4.80000,
,,,00.000000026780,   4.80000,
,,,00.000000026800,   4.80000,
,,,00.000000026820,   4.80000,
,,,00.000000026840,   4.80000,
,,,00.000000026860,   4.80000,
,,,00.000000026880,   4.80000,
,,,00.000000026900,   4.80000,
,,,00.000000026920,   4.80000,
,,,00.000000026940,   4.80000,
,,,00.000000026960,   4.80000,
,,,00.000000026980,   4.80000,
,,,00.000000027000,   4.80000,
,,,00.000000027020,   4.80000,
,,,00.000000027040,   4.80000,
,,,00.000000027060,   4.80000,
,,,00.000000027080,   4.80000,
,,,00.000000027100,   4.80000,
,,,00.000000027120,   4.80000,
,,,00.000000027140,   4.80000,
,,,00.000000027160,   4.80000,
,,,00.000000027180,   4.80000,
,,,00.000000027200,   4.80000,
,,,00.000000027220,   4.80000,
,,,00.000000027240,   4.80000,
,,,00.000000027260,   4.80000,
,,,00.000000027280,   4.80000,
,,,00.000000027300,   4.80000,
,,,00.000000027320,   4.80000,
,,,00.000000027340,   4.80000,
,,,00.000000027360,   4.80000,
,,,00.000000027380,   4.80000,
,,,00.000000027400,   4.80000,
,,,00.000000027420,   4.80000,
,,,00.000000027440,   4.80000,
,,,00.000000027460,   4.80000,
,,,00.000000027480,   4.80000,
,,,00.000000027500,   4.80000,
,,,00.000000027520,   4.78000,
,,,00.000000027540,   4.78000,
,,,00.000000027560,   4.78000,
,,,00.000000027580,   4.78000,
,,,00.000000027600,   4.78000,
,,,00.000000027620,   4.78000,
,,,00.000000027640,   4.78000,
,,,00.000000027660,   4.78000,
,,,00.000000027680,   4.78000,
,,,00.000000027700,   4.78000,
,,,00.000000027720,   4.78000,
,,,00.000000027740,   4.78000,
,,,00.000000027760,   4.78000,
,,,00.000000027780,   4.78000,
,,,00.000000027800,   4.78000,
,,,00.000000027820,   4.78000,
,,,00.000000027840,   4.78000,
,,,00.000000027860,   4.78000,
,,,00.000000027880,   4.78000,
,,,00.000000027900,   4.78000,
,,,00.000000027920,   4.78000,
,,,00.000000027940,   4.78000,
,,,00.000000027960,   4.78000,
,,,00.000000027980,   4.78000,
,,,00.000000028000,   4.78000,
,,,00.000000028020,   4.78000,
,,,00.000000028040,   4.78000,
,,,00.000000028060,   4.78000,
,,,00.000000028080,   4.78000,
,,,00.000000028100,   4.78000,
,,,00.000000028120,   4.78000,
,,,00.000000028140,   4.78000,
,,,00.000000028160,   4.78000,
,,,00.000000028180,   4.78000,
,,,00.000000028200,   4.78000,
,,,00.000000028220,   4.78000,
,,,00.000000028240,   4.78000,
,,,00.000000028260,   4.78000,
,,,00.000000028280,   4.78000,
,,,00.000000028300,   4.78000,
,,,00.000000028320,   4.78000,
,,,00.000000028340,   4.78000,
,,,00.000000028360,   4.78000,
,,,00.000000028380,   4.78000,
,,,00.000000028400,   4.78000,
,,,00.000000028420,   4.78000,
,,,00.000000028440,   4.78000,
,,,00.000000028460,   4.78000,
,,,00.000000028480,   4.78000,
,,,00.000000028500,   4.78000,
,,,00.000000028520,   4.78000,
,,,00.000000028540,   4.78000,
,,,00.000000028560,   4.78000,
,,,00.000000028580,   4.78000,
,,,00.000000028600,   4.78000,
,,,00.000000028620,   4.78000,
,,,00.000000028640,   4.78000,
,,,00.000000028660,   4.78000,
,,,00.000000028680,   4.78000,
,,,00.000000028700,   4.78000,
,,,00.000000028720,   4.78000,
,,,00.000000028740,   4.78000,
,,,00.000000028760,   4.78000,
,,,00.000000028780,   4.78000,
,,,00.000000028800,   4.78000,
,,,00.000000028820,   4.78000,
,,,00.000000028840,   4.78000,
,,,00.000000028860,   4.78000,
,,,00.000000028880,   4.78000,
,,,00.000000028900,   4.78000,
,,,00.000000028920,   4.78000,
,,,00.000000028940,   4.78000,
,,,00.000000028960,   4.78000,
,,,00.000000028980,   4.78000,
,,,00.000000029000,   4.78000,
,,,00.000000029020,   4.78000,
,,,00.000000029040,   4.78000,
,,,00.000000029060,   4.78000,
,,,00.000000029080,   4.78000,
,,,00.000000029100,   4.78000,
,,,00.000000029120,   4.78000,
,,,00.000000029140,   4.78000,
,,,00.000000029160,   4.78000,
,,,00.000000029180,   4.78000,
,,,00.000000029200,   4.78000,
,,,00.000000029220,   4.78000,
,,,00.000000029240,   4.78000,
,,,00.000000029260,   4.78000,
,,,00.000000029280,   4.78000,
,,,00.000000029300,   4.78000,
,,,00.000000029320,   4.78000,
,,,00.000000029340,   4.78000,
,,,00.000000029360,   4.78000,
,,,00.000000029380,   4.78000,
,,,00.000000029400,   4.78000,
,,,00.000000029420,   4.78000,
,,,00.000000029440,   4.78000,
,,,00.000000029460,   4.78000,
,,,00.000000029480,   4.78000,
,,,00.000000029500,   4.78000,
,,,00.000000029520,   4.78000,
,,,00.000000029540,   4.78000,
,,,00.000000029560,   4.78000,
,,,00.000000029580,   4.78000,
,,,00.000000029600,   4.78000,
,,,00.000000029620,   4.78000,
,,,00.000000029640,   4.78000,
,,,00.000000029660,   4.78000,
,,,00.000000029680,   4.78000,
,,,00.000000029700,   4.78000,
,,,00.000000029720,   4.78000,
,,,00.000000029740,   4.78000,
,,,00.000000029760,   4.78000,
,,,00.000000029780,   4.78000,
,,,00.000000029800,   4.78000,
,,,00.000000029820,   4.78000,
,,,00.000000029840,   4.78000,
,,,00.000000029860,   4.78000,
,,,00.000000029880,   4.78000,
,,,00.000000029900,   4.78000,
,,,00.000000029920,   4.78000,
,,,00.000000029940,   4.78000,
,,,00.000000029960,   4.78000,
,,,00.000000029980,   4.78000,
,,,00.000000030000,   4.78000,
,,,00.000000030020,   4.78000,
,,,00.000000030040,   4.78000,
,,,00.000000030060,   4.78000,
,,,00.000000030080,   4.78000,
,,,00.000000030100,   4.78000,
,,,00.000000030120,   4.78000,
,,,00.000000030140,   4.78000,
,,,00.000000030160,   4.78000,
,,,00.000000030180,   4.78000,
,,,00.000000030200,   4.78000,
,,,00.000000030220,   4.78000,
,,,00.000000030240,   4.78000,
,,,00.000000030260,   4.78000,
,,,00.000000030280,   4.78000,
,,,00.000000030300,   4.78000,
,,,00.000000030320,   4.78000,
,,,00.000000030340,   4.78000,
,,,00.000000030360,   4.78000,
,,,00.000000030380,   4.78000,
,,,00.000000030400,   4.78000,
,,,00.000000030420,   4.78000,
,,,00.000000030440,   4.78000,
,,,00.000000030460,   4.78000,
,,,00.000000030480,   4.78000,
,,,00.000000030500,   4.78000,
,,,00.000000030520,   4.78000,
,,,00.000000030540,   4.78000,
,,,00.000000030560,   4.78000,
,,,00.000000030580,   4.78000,
,,,00.000000030600,   4.78000,
,,,00.000000030620,   4.78000,
,,,00.000000030640,   4.78000,
,,,00.000000030660,   4.78000,
,,,00.000000030680,   4.78000,
,,,00.000000030700,   4.78000,
,,,00.000000030720,   4.78000,
,,,00.000000030740,   4.78000,
,,,00.000000030760,   4.78000,
,,,00.000000030780,   4.78000,
,,,00.000000030800,   4.78000,
,,,00.000000030820,   4.78000,
,,,00.000000030840,   4.78000,
,,,00.000000030860,   4.78000,
,,,00.000000030880,   4.78000,
,,,00.000000030900,   4.78000,
,,,00.000000030920,   4.78000,
,,,00.000000030940,   4.78000,
,,,00.000000030960,   4.78000,
,,,00.000000030980,   4.78000,
,,,00.000000031000,   4.78000,
,,,00.000000031020,   4.78000,
,,,00.000000031040,   4.78000,
,,,00.000000031060,   4.78000,
,,,00.000000031080,   4.78000,
,,,00.000000031100,   4.78000,
,,,00.000000031120,   4.78000,
,,,00.000000031140,   4.78000,
,,,00.000000031160,   4.78000,
,,,00.000000031180,   4.78000,
,,,00.000000031200,   4.78000,
,,,00.000000031220,   4.78000,
,,,00.000000031240,   4.78000,
,,,00.000000031260,   4.78000,
,,,00.000000031280,   4.78000,
,,,00.000000031300,   4.78000,
,,,00.000000031320,   4.78000,
,,,00.000000031340,   4.78000,
,,,00.000000031360,   4.78000,
,,,00.000000031380,   4.78000,
,,,00.000000031400,   4.78000,
,,,00.000000031420,   4.78000,
,,,00.000000031440,   4.78000,
,,,00.000000031460,   4.78000,
,,,00.000000031480,   4.78000,
,,,00.000000031500,   4.78000,
,,,00.000000031520,   4.78000,
,,,00.000000031540,   4.78000,
,,,00.000000031560,   4.78000,
,,,00.000000031580,   4.78000,
,,,00.000000031600,   4.78000,
,,,00.000000031620,   4.78000,
,,,00.000000031640,   4.78000,
,,,00.000000031660,   4.78000,
,,,00.000000031680,   4.78000,
,,,00.000000031700,   4.78000,
,,,00.000000031720,   4.78000,
,,,00.000000031740,   4.78000,
,,,00.000000031760,   4.78000,
,,,00.000000031780,   4.78000,
,,,00.000000031800,   4.78000,
,,,00.000000031820,   4.78000,
,,,00.000000031840,   4.78000,
,,,00.000000031860,   4.78000,
,,,00.000000031880,   4.78000,
,,,00.000000031900,   4.78000,
,,,00.000000031920,   4.78000,
,,,00.000000031940,   4.78000,
,,,00.000000031960,   4.78000,
,,,00.000000031980,   4.78000,
,,,00.000000032000,   4.78000,
,,,00.000000032020,   4.78000,
,,,00.000000032040,   4.78000,
,,,00.000000032060,   4.78000,
,,,00.000000032080,   4.78000,
,,,00.000000032100,   4.78000,
,,,00.000000032120,   4.78000,
,,,00.000000032140,   4.78000,
,,,00.000000032160,   4.78000,
,,,00.000000032180,   4.78000,
,,,00.000000032200,   4.78000,
,,,00.000000032220,   4.78000,
,,,00.000000032240,   4.78000,
,,,00.000000032260,   4.78000,
,,,00.000000032280,   4.78000,
,,,00.000000032300,   4.78000,
,,,00.000000032320,   4.78000,
,,,00.000000032340,   4.78000,
,,,00.000000032360,   4.78000,
,,,00.000000032380,   4.78000,
,,,00.000000032400,   4.78000,
,,,00.000000032420,   4.78000,
,,,00.000000032440,   4.78000,
,,,00.000000032460,   4.78000,
,,,00.000000032480,   4.78000,
,,,00.000000032500,   4.78000,
,,,00.000000032520,   4.78000,
,,,00.000000032540,   4.78000,
,,,00.000000032560,   4.78000,
,,,00.000000032580,   4.78000,
,,,00.000000032600,   4.78000,
,,,00.000000032620,   4.78000,
,,,00.000000032640,   4.78000,
,,,00.000000032660,   4.76000,
,,,00.000000032680,   4.76000,
,,,00.000000032700,   4.76000,
,,,00.000000032720,   4.76000,
,,,00.000000032740,   4.76000,
,,,00.000000032760,   4.76000,
,,,00.000000032780,   4.76000,
,,,00.000000032800,   4.76000,
,,,00.000000032820,   4.76000,
,,,00.000000032840,   4.76000,
,,,00.000000032860,   4.76000,
,,,00.000000032880,   4.76000,
,,,00.000000032900,   4.76000,
,,,00.000000032920,   4.76000,
,,,00.000000032940,   4.76000,
,,,00.000000032960,   4.76000,
,,,00.000000032980,   4.76000,
,,,00.000000033000,   4.76000,
,,,00.000000033020,   4.76000,
,,,00.000000033040,   4.76000,
,,,00.000000033060,   4.76000,
,,,00.000000033080,   4.76000,
,,,00.000000033100,   4.76000,
,,,00.000000033120,   4.76000,
,,,00.000000033140,   4.76000,
,,,00.000000033160,   4.76000,
,,,00.000000033180,   4.76000,
,,,00.000000033200,   4.76000,
,,,00.000000033220,   4.76000,
,,,00.000000033240,   4.76000,
,,,00.000000033260,   4.76000,
,,,00.000000033280,   4.76000,
,,,00.000000033300,   4.76000,
,,,00.000000033320,   4.76000,
,,,00.000000033340,   4.76000,
,,,00.000000033360,   4.76000,
,,,00.000000033380,   4.76000,
,,,00.000000033400,   4.76000,
,,,00.000000033420,   4.76000,
,,,00.000000033440,   4.76000,
,,,00.000000033460,   4.76000,
,,,00.000000033480,   4.76000,
,,,00.000000033500,   4.76000,
,,,00.000000033520,   4.76000,
,,,00.000000033540,   4.76000,
,,,00.000000033560,   4.76000,
,,,00.000000033580,   4.76000,
,,,00.000000033600,   4.76000,
,,,00.000000033620,   4.76000,
,,,00.000000033640,   4.76000,
,,,00.000000033660,   4.76000,
,,,00.000000033680,   4.76000,
,,,00.000000033700,   4.76000,
,,,00.000000033720,   4.76000,
,,,00.000000033740,   4.76000,
,,,00.000000033760,   4.76000,
,,,00.000000033780,   4.76000,
,,,00.000000033800,   4.76000,
,,,00.000000033820,   4.76000,
,,,00.000000033840,   4.76000,
,,,00.000000033860,   4.76000,
,,,00.000000033880,   4.76000,
,,,00.000000033900,   4.76000,
,,,00.000000033920,   4.76000,
,,,00.000000033940,   4.76000,
,,,00.000000033960,   4.76000,
,,,00.000000033980,   4.76000,
,,,00.000000034000,   4.76000,
,,,00.000000034020,   4.76000,
,,,00.000000034040,   4.76000,
,,,00.000000034060,   4.76000,
,,,00.000000034080,   4.76000,
,,,00.000000034100,   4.76000,
,,,00.000000034120,   4.76000,
,,,00.000000034140,   4.76000,
,,,00.000000034160,   4.76000,
,,,00.000000034180,   4.76000,
,,,00.000000034200,   4.76000,
,,,00.000000034220,   4.76000,
,,,00.000000034240,   4.76000,
,,,00.000000034260,   4.76000,
,,,00.000000034280,   4.76000,
,,,00.000000034300,   4.76000,
,,,00.000000034320,   4.76000,
,,,00.000000034340,   4.76000,
,,,00.000000034360,   4.76000,
,,,00.000000034380,   4.76000,
